"X0";"X1"
4.4328066048750578e+00;-6.9621862324939663e+00
2.4693752015834414e-01;1.1242096782284952e+00
-6.7255409384660574e+00;-6.9377363898965729e+00
5.7997180325744124e-01;2.3359544478043084e+00
5.2426719298779343e+00;2.4611362316162202e+00
1.1789760546971850e-01;-3.0460731825255847e+00
-7.1602479274803414e+00;-1.4280211213052173e+01
-3.2471244618533639e+00;-6.6725582890157007e+00
5.9831729036662278e+00;-1.1143653544691912e+00
-2.4082240015138989e-01;-2.4714870251685248e+00
3.2917001213864507e+00;-2.6238045982643543e-01
-2.1523063794523765e+00;-9.3048644696581775e+00
3.8944676687536059e+00;-2.3593788852537414e+00
3.4056710720644570e+00;5.5963837242483372e+00
2.2808294371881721e+00;-6.2078976228993454e+00
-8.8613372807677271e-01;-5.8483619298200402e+00
-5.1518567964902422e+00;-5.7319718269885396e+00
7.4713020924608360e+00;4.7684971167177759e+00
4.9661935363090670e+00;-1.3349760027876005e+00
4.1573787122713348e+00;-3.5281491597925285e-01
3.6308686314905763e+00;-4.0813034914641744e+00
4.6803193536780063e-01;-7.2172715365698812e+00
3.0317056983252559e+00;6.1697952111840859e+00
-6.8516213232586320e-01;3.3575897891449813e+00
2.2086373024092874e+00;5.5312913627278038e-01
4.8654102168995887e+00;-4.4290964157660646e+00
2.7374240029266153e+00;-9.1673847437293006e+00
4.6201098438831902e+00;9.6748659130314296e-01
8.9528503908624693e+00;-2.8058577554799893e+00
3.5116885245127012e+00;-2.8389658268793125e+00
8.6918607924428990e+00;-3.3164090317676598e+00
5.8579021964575850e-01;1.3720857464183052e+00
-1.1081324490476203e+00;-1.0868497784907742e+01
2.4138976974223141e+00;-6.6030058287749593e+00
5.6224067234574644e+00;7.1370671312722367e-01
6.5433604236376786e-02;-1.2734585897760455e+00
8.8375154513257925e+00;5.9093691076867536e+00
-2.7698918486339874e-02;-1.1459063702875296e+01
1.0984914816246590e+01;5.9047429378461818e+00
-4.3055280136779839e-02;-7.0181666141041701e+00
-1.8282886001663452e+00;-3.0368895118831549e+00
5.2582427488363637e+00;-4.1449788804127410e+00
1.5541567642745791e+00;1.0275808283278023e+00
1.3574987075436262e+00;-7.4665591362943751e+00
-5.8747661697768683e+00;-1.0769235406171967e+01
3.3550043445510749e+00;2.2443715865808160e+00
4.5486689840663850e+00;-1.7963911308262008e+00
-1.4235457468730472e+00;3.6510054547576676e-01
1.0469896639362193e+00;2.1474109495729437e+00
1.0478702371943085e+01;-1.6047729546310907e+00
-4.0678592738464703e+00;-1.2418890713755097e+01
2.9214897561566295e+00;-1.5836092701287615e+01
2.0529199879013698e+00;-8.4117547763212279e+00
6.1110419296531466e+00;-3.7493409666444943e+00
2.8700484496112346e+00;2.0702055970528637e+00
3.3262752035111864e+00;-4.2850665674695243e+00
1.3807174431802660e-01;-2.7257398804312816e+00
1.3290967127896640e+00;9.6257419063277236e+00
5.7681619640006323e+00;2.0046632571417753e+00
4.4468606257088297e+00;-8.1282709647224287e+00
-7.6268065315927647e+00;-6.1461570692646337e+00
-6.2464080226653440e-01;-7.8949735888507355e+00
3.7527079902618805e+00;-3.8762141253828073e+00
9.4415109919430122e+00;2.6023652360666816e+00
8.9018519782438084e+00;-1.0393572954061003e+00
-9.4699534848877676e-01;-7.0424705083812098e+00
-7.0346881634576039e+00;-1.1229167134445021e+01
7.4127989476964351e-01;-1.1506183004640704e+01
-7.3893512453860266e-01;-4.4471956748489330e+00
5.4948789156820137e+00;-7.1504748415322101e+00
7.2485748562473717e-01;1.6726012061438542e+00
2.9309760969131693e-01;-1.2260899355515512e+01
-5.7562199401820724e-02;-1.4833909581315563e+00
2.0148099459327309e+00;1.6889697261311198e-01
1.0110649104193583e+00;-1.5431263675666465e+00
1.8655606945503449e+00;-3.2430574211504930e+00
2.4410246542056742e+00;-4.3562561151283816e+00
1.6176423424557991e+00;-2.7664596066825218e+00
1.2049834173745642e+00;-1.4460526074926696e+00
2.6465491540598891e+00;-9.3104695074101285e-01
2.4658705495448445e+00;-3.1421919777235487e+00
7.9662572126451723e+00;6.0246796550417194e+00
4.1065853246465522e+00;-4.5279460309840527e+00
1.4750870878461768e+00;-9.6217837967432551e+00
6.6965792845038496e+00;3.9597591583164533e+00
6.5154616806442722e-01;-1.3369898187546259e+00
-3.2983579135200047e-01;-1.0470092227268609e+01
1.0066338778091932e-03;-1.0983401677391928e+01
3.9323320546280343e+00;-9.0459826023045142e-01
1.6109900790212586e+00;-6.7725778876521092e-01
-4.0817786656631716e-01;-9.7449381060130005e+00
-1.5467914669047254e+00;-5.8277848699251411e+00
3.7679337122122014e+00;3.5299603105487076e-01
-4.0582044430187070e+00;-9.7175160874041211e+00
4.6707105164437142e+00;-7.4182951556768248e+00
1.8818661156027474e+00;-5.8097320754598654e+00
6.3137227296500176e-01;5.0360287381006952e+00
6.6348109796076500e+00;-6.4129747238375945e+00
-1.3774669832208737e+00;-6.3606360088910554e+00
3.6770844518559898e+00;-5.5720871159199046e+00
5.4330742825627922e+00;-4.7798741336961008e+00
-1.6672394601886009e+00;-2.5513108628935033e-01
3.2076732503923502e+00;-1.2200754390032165e-01
3.9016982988549627e+00;-5.2266281735611537e+00
-6.7779674796025446e-01;-5.2708685341531671e+00
-1.8861248893680957e+00;-1.0572316584947689e+01
7.7128131227707799e+00;-1.9809319436761021e+00
-4.9287038682531863e+00;-3.7581135150135467e+00
1.4111960608822542e+01;1.1908662862652440e+01
-4.5930688006802542e+00;-1.1435506769338033e+01
5.0924857595623703e+00;-3.3165925967821837e+00
1.8592106287735555e+00;-4.9926672017652605e+00
9.6267123620398798e-01;-7.4390057895726125e+00
-8.1594504641902095e+00;-9.5950488858247933e+00
1.9130883744213434e+00;-4.5962313082476181e-01
2.5874714202664824e+00;-5.8603353567426382e+00
-8.6384014097407036e-02;-1.7404671482347163e+00
1.1984512194472763e-01;-1.3580606645309508e+01
2.6953070655546973e-01;-2.9221510514169462e+00
5.2804109560250789e-01;1.0528165686048343e+00
1.8626868142465876e+00;-1.0892777923459820e+00
-4.8969748271207392e-01;-1.1592758442284667e+01
-1.7239682744329210e-01;-5.5248682960417108e+00
2.0835271971868132e+00;-2.4642964488974251e-01
5.0685492955357407e+00;2.7664531260007514e+00
7.9212235201702610e+00;3.5629866684597644e+00
7.6358087474535479e+00;3.0170737459903645e+00
9.5730596578547793e+00;5.4510579812093507e+00
-1.6293915785887330e+00;-7.5958245973727934e+00
-5.5373447555816524e-01;1.2433685564486492e+00
-7.0643338458395455e+00;-6.8325586388279271e+00
-1.9845649909405889e+00;-1.0199393777837466e+01
2.4443199811521632e+00;2.1206722514076848e-01
-2.2200714279156779e+00;-5.6552834047307057e+00
4.2513331250110795e+00;-1.7211576956420183e+00
2.2808258292654697e+00;-3.8432326060061421e+00
-3.1612312568791747e+00;-1.0636612105150313e+01
-4.8452376280161253e+00;-3.1935523295209967e+00
-1.6927797984114479e-01;-8.6820775678316586e+00
-3.6182781585949870e+00;1.9152709396891670e+00
5.1182876325964397e+00;3.8786721517168088e+00
4.8445904687015755e+00;-3.1853489473279604e+00
4.4732774571897016e+00;1.6723386231415489e+00
4.6400829993908514e+00;6.6753948869991708e-01
3.6908093558412491e-01;2.2991548103001040e+00
3.5373835635536710e-01;-1.6497742310486350e+00
7.8007731854954914e+00;-7.9154852902711870e-01
-3.5918271506935016e+00;-8.6074446752898215e-01
5.8962625880871755e-02;-5.3927036987128831e+00
6.4470820719862454e-01;-7.2711339473846603e+00
8.9577944216386172e+00;5.4013573041804079e+00
7.1004556990106682e+00;-2.3886568340029961e+00
1.9079668090537651e+00;4.9678218589641530e+00
3.4247528723538792e+00;-7.8151256439363186e+00
-2.7799831645129967e+00;-7.9086986115442253e+00
-1.3048172266741864e+00;-8.3079807496124545e+00
3.7361377194973482e+00;-4.7044185336755344e+00
-2.3960800395228565e-01;-4.1630348307292060e+00
1.7740833377473857e+00;1.3902345733491339e-01
-6.5263016489586878e-01;-1.6976207091848274e+00
4.3641737460427361e+00;-1.1086418994683402e+01
-1.1161259199151967e+00;-7.9920300113198550e+00
1.7732178103788183e+00;-5.9518743718429779e-01
4.9553578625752150e+00;1.9956533684840281e+00
-2.7324067828812275e+00;-2.2632926021469131e+00
6.1279299263210172e+00;3.2312576644053514e-02
4.0620413478098429e+00;-9.2132046131064804e+00
3.4769257972913845e+00;8.1172204685639127e-01
-5.1239549655527572e-02;-6.3507596362177186e+00
7.0505621648478440e+00;6.9915247382549559e+00
9.5602187898848499e+00;3.4151705558165197e+00
2.9430376124180890e+00;-1.3499473867467289e+00
4.2867612592110973e+00;-3.3917751341674078e+00
4.2130180568744535e+00;-1.1116384877437619e+01
3.6851175986434042e+00;1.3170657166812543e+00
-4.9677385992460632e-02;-5.6070430859324771e+00
-2.8441282434464208e+00;-5.9518886890137379e+00
-2.6600574145024005e+00;-5.6337215235319764e+00
4.8704374443446277e+00;-2.5234960169739757e+00
4.3449912034561256e-01;-2.8603356861186588e+00
-3.9631095216941317e+00;-2.1291360986637020e+00
3.4998748301938543e+00;-2.7790726121788221e+00
3.4314828963251101e+00;1.7273505362339998e+00
8.9515934949852358e+00;-1.7434817883668647e+00
8.8256947812362814e+00;3.1221090937275600e+00
8.8961928518334465e-01;-1.9130288800410793e+00
3.4817795993668303e+00;-1.2604552602090031e+00
7.7306232249607589e+00;-1.2202484031770033e+00
1.5085265516190383e+00;8.0856291437358641e-01
3.5548709784214783e-01;-8.2734676873359447e+00
4.2567841636181587e+00;-8.3300589149659992e+00
4.4995533880820142e+00;3.1433829535497306e+00
-1.0781147546201355e+00;1.7548198643826023e+00
3.4992072764560564e+00;1.2850454416226409e-01
3.6790714417968187e+00;4.8965640382104638e+00
2.0382550051309205e+00;-4.6346166609718882e+00
2.6547949152849495e+00;2.8483350361184030e+00
2.0248158691380165e+00;-1.8066765965473337e+00
1.3848636122771782e+00;-5.1345504813985263e+00
1.0368972386635729e+01;5.1536307791352449e+00
4.6716605787396803e-01;-5.4962530234343419e+00
-3.2211835624998093e+00;-1.2826703045503070e+01
2.6886320212652488e+00;-6.8176504878014299e-02
1.3078023350297991e+00;-5.6533335284562192e-01
4.7913528686107227e+00;2.1635671824855933e+00
3.9172270659819022e+00;-3.7478359115489930e+00
9.0628180952399617e+00;2.6338764036225601e+00
2.5119237188449595e+00;-5.9188364371573527e+00
4.0515655992227995e+00;2.9853098897228083e+00
-2.0780687102281270e-01;2.4569860149929257e+00
1.1104255414004491e+00;-2.6661281543505995e+00
7.3540353584219167e+00;5.4222327228938694e-01
1.0625979188769421e+01;6.7640128216215114e+00
6.7559235766403081e+00;5.5481483865444527e+00
8.8061128165228286e-01;-6.1562814536640804e+00
2.3157724257345089e+00;-4.4225353864570360e+00
3.4756399104247624e+00;-3.0141109676588420e+00
-1.8579724401673365e+00;-4.6385857524620056e-01
3.0878101688944071e+00;-5.0340687933201345e+00
-2.9821709775397629e+00;-9.5514099923344826e+00
5.2346083175307836e+00;1.4114187757038517e+00
7.0485562478282500e+00;-1.5712067984339300e+00
-6.5402015182905622e+00;-6.5160638701714815e+00
1.3401748484739349e+00;-8.9458211387242219e+00
-9.9333982605037008e-01;-2.9325512170984807e+00
8.4259816326998962e+00;-4.3458377850929306e+00
-1.4284508781297833e+00;-8.5896164540378965e+00
1.2221317405186833e+01;-2.7156680166612901e+00
2.6470287861579918e+00;2.0442355904372640e+00
1.6975393322603509e+00;-4.8596451662155973e+00
-7.8359443697931530e-01;-5.7797176852703913e+00
2.0561357875536612e+00;-8.7145780065993712e+00
3.1277970661624988e-01;-9.7467669402154513e+00
7.4303182844736648e-01;-1.7975659487373452e-02
-2.2011461213099306e+00;-8.4911721428191260e+00
4.0417173897502257e-01;-5.3261759041195296e+00
1.0963889141907643e+01;-5.3747622655105554e+00
-2.5051474766958588e+00;-7.3013446119490384e+00
7.4282678952610022e+00;-4.5499307431592975e+00
4.8796423858610787e+00;1.7931432513172902e+00
2.0629661529669008e+00;9.2717726146751511e-01
1.8924333863490128e+00;-8.1444239054428884e+00
-2.8929092027299710e+00;-2.6743982206038153e-01
3.5165017175605162e-01;2.0539441733197901e+00
5.3597652567121798e+00;-1.6441755562478377e+00
-4.4854551692512423e-01;-2.6545753682688273e+00
7.0395518721798318e+00;-9.1659100291830704e+00
4.5535380524569966e+00;3.7860372443066446e+00
4.3042059469453431e+00;-1.3342396070909901e+01
1.7346264215836538e-01;-5.2830432254673410e-01
2.7588913000534094e+00;-9.2802450990604104e+00
2.5668238809040260e+00;-4.0005303634347626e+00
-2.3867678472891711e+00;-8.5362571572238366e-02
-4.1417259678478402e-01;-4.1430856528225499e+00
-2.0462657005212614e+00;-7.4953573787001053e+00
2.7372921956373433e+00;2.2717146883792294e+00
2.1330621409881703e+00;-4.6606941104680430e+00
5.2485417953533879e+00;-3.7228461943715585e-01
-2.0958576581243271e-01;-1.2966494218098268e+00
4.6311915180534147e+00;-2.6419878463214204e+00
3.1525694266807829e+00;-5.9321105524668525e+00
7.9256060207165921e+00;4.6216586683670045e+00
5.6021612333982125e+00;1.6664636823925250e-01
3.6328678840696460e+00;-3.2382623092610769e+00
-2.1507385203281810e+00;-3.8462511262243666e+00
1.8555013426117279e+00;-3.2808187182550759e+00
8.3142662303523949e+00;7.2035944222926567e+00
-1.6333731565699954e+00;-1.1025608027442182e+01
9.5142650328597256e-02;2.3651767367331367e-01
-2.7915018882064837e+00;5.2464324594225893e+00
2.5994189417327487e+00;-4.3168231732502598e+00
7.5337811726163451e-01;-5.7339706049698274e+00
2.9483823202270325e+00;2.9641051046922939e-01
-2.2120094470167873e-01;-1.0729118244237885e+00
4.0370191428639020e+00;7.5042486783162055e-02
-3.7130235414550947e+00;-7.2428585994783177e+00
6.7945812177743967e+00;-8.2529154431057172e-01
-2.3992351718589440e+00;-2.6006750111536112e+00
4.2658743191759747e+00;-7.8062321932497554e+00
9.8562966699079024e-01;2.5549173754891097e-01
4.9306953190093763e+00;-1.6426741735044561e+00
5.6123034030604257e-02;-5.7595671229964971e+00
-3.0375481500399548e+00;-5.9970151435654184e+00
3.6144912011418784e-01;-5.7940646130677642e-01
-6.4325736333785795e+00;-1.2231924514996791e+01
6.3800846621952898e+00;-5.3648001661013378e-01
1.0014527253521928e+01;1.4683271528144299e+00
2.2416342264934519e+00;-4.7961311066385317e+00
2.6363598663481556e+00;-1.1449471599237423e+01
6.2457694590559178e+00;-6.5997675222033170e+00
5.0044043417917301e+00;2.5326328061381540e+00
-2.9563039514329619e+00;-2.8777813586891483e+00
7.7385464262067245e+00;9.2001219042435034e-01
-6.7495424990607891e+00;-7.4395699345565198e+00
5.2201286546722621e+00;2.4082546842449268e+00
6.0853072474477035e+00;-2.0013267844559341e+00
-2.6661066289773787e+00;-1.5088255654622902e+00
3.1033563416896994e+00;1.6185125968233587e+00
3.4397118282489929e+00;3.0019122599236843e+00
8.3141106419414150e+00;9.9308994632771466e+00
5.8263318317473614e+00;-3.0133202362416243e+00
2.1301035088856954e+00;-2.2952786688280051e+00
3.7983893466149432e+00;-8.5014365311607243e-01
4.1700285272063979e+00;-2.7188538262126363e+00
6.8796314737554205e+00;2.7330319612961018e+00
-8.6476999454510555e+00;-4.5944823041642477e+00
2.4679941140305761e+00;5.4881700650970444e+00
1.4399782737760889e+00;2.0640347153685799e+00
-6.7236605737019595e-01;-9.9777008355495926e+00
-1.2610023699123403e+00;-2.5660648247868827e+00
2.5161061899450941e+00;-1.0154184781162565e+01
1.7259035805923879e+00;-3.2020144455875172e+00
2.3720123849690573e+00;-6.9938410380754199e+00
-7.2504901623892337e-02;-1.5471199321743081e+00
-1.7904421349843327e+00;-1.0297773480456133e+01
2.4388643722417402e+00;9.4233792537484140e-01
-3.0861538507142035e+00;-9.6021602948641700e+00
8.3455721091804449e+00;-1.6850586934342138e+00
9.3574544774551232e+00;3.3681127624490514e-01
-4.0273406230881115e-01;-7.1751666926588920e+00
7.1458531331126673e+00;2.2135792279938906e+00
3.4852968098776502e+00;3.8489194667533262e+00
-5.0629432123207820e+00;-2.6461402417633604e+00
3.9342699763710494e+00;-7.7017412154736302e+00
3.1116919829757368e+00;4.0523802350741756e-01
6.1912211342563372e+00;-2.3977074505098401e+00
-4.5679371699313496e+00;-7.1362336521726109e+00
-1.9224971002823890e+00;-1.2988012708166117e+01
-4.1965695777175860e-01;-6.9033962545954273e+00
-4.6323726637993401e-01;-6.3277178792452968e+00
5.1356230707673127e+00;9.9144020645408837e-01
2.4455027423698383e-01;-6.9812413338134274e+00
3.2919790513356642e+00;5.1273079758992619e+00
1.2652131262733182e+00;-2.8351889145732883e+00
3.5732858882816232e-01;-2.9170900405781719e+00
-3.2031763132818600e+00;-9.3081394220957208e+00
-9.4709844577489344e-01;-9.0270865217107623e+00
3.7955873678597776e+00;1.1803627621951883e+01
9.2765304362243506e-01;3.0790131891584043e+00
-4.3164615871944703e+00;-4.3654873423113489e+00
7.2385400472410302e+00;6.3408839765155633e+00
6.5842437004771117e+00;6.3582620697363659e+00
6.2112533374514065e+00;1.2173564883163017e+00
3.5514502587271108e+00;-2.7731560392883270e+00
4.9036391001313770e+00;-6.0062041946381974e+00
-5.1247481477752359e+00;-6.2606097219262198e+00
3.4353198023986051e+00;-2.3726124968792193e+00
1.0718088717752119e+01;6.5476054700990538e+00
2.8796888603070436e+00;-2.7485354997804716e+00
-7.1714908977048308e-01;-8.8119570734365116e-01
-3.1284133284956317e+00;-1.4395750197236659e+01
2.0917828193076251e+00;-7.4470335417023668e+00
8.5516172458094459e+00;2.2459892760043552e+00
2.4633560123345952e+00;-3.3255001046427601e+00
7.1411590481565685e+00;-7.0100857262063965e-01
1.9853938364494279e+00;-2.9326810335687816e+00
2.0820712693541750e+00;-3.8152713098239959e+00
2.2928908995104846e+00;-8.0660683741762966e+00
4.5620854481223851e+00;-7.3208808125335096e+00
-4.5062723986618058e+00;-6.4165878992304659e+00
5.1085019652331152e+00;4.6656079863954147e-02
3.6183487450809255e+00;1.3319594937393582e+00
1.0870453153744326e+00;-7.8011043837487559e+00
-9.4151532178823283e-01;-5.4446491342290226e+00
1.2784903841638886e+00;-7.9394264414498892e+00
-2.9001493212407592e-01;-9.0296064194024801e+00
-1.2792955741838674e+00;-5.6180727501086292e+00
-5.1344552378084458e+00;-1.3643217060518882e+01
9.1887788555490957e+00;4.9442127823100570e+00
-1.0107743328518075e+00;-6.2006951023048753e+00
-9.9414049372945446e+00;-1.2370561019766324e+01
4.8146542354902988e-01;-7.7628283395065250e+00
-1.1361981822972376e+00;-3.5643921815625488e+00
-5.5133594120723046e+00;-7.2922641838378102e+00
-6.9334076598337901e-01;-7.6563758327973996e+00
2.0421467200325938e-01;-3.9621137587810922e+00
-3.5233346560585268e+00;-1.1240243527416560e+01
1.6647251364289404e+00;3.0455952774094079e+00
3.0545598394678830e+00;3.6049330508364550e+00
5.9891002518337655e-01;-6.9772507268698600e+00
5.0231409760133268e+00;3.7068281717208711e+00
1.6600677765572549e+00;-2.9540670613303264e+00
-4.4035022511353139e-01;-1.2234538266310990e+01
1.2795844870056492e+00;-7.7899990095561478e+00
6.9866069465492187e+00;3.9289622691950266e+00
-4.2394388688247684e+00;-9.3534445351298316e+00
2.0165348885452996e+00;-1.4959803335191191e+00
3.4644750211142097e+00;-1.2983363108546495e+00
-5.1746046320339616e+00;-9.3251117593659032e+00
-1.8170412589224538e-01;1.1145366577524269e+00
-2.4581859573971041e+00;-9.5211212685039239e+00
-3.5457678139845576e+00;-6.5539176037120139e+00
7.4108527250655643e+00;2.0599404936904975e+00
-2.0058405249628528e+00;-4.0859485649789455e+00
-3.1360376117875273e+00;-2.1995600662963675e+00
7.2212687123373138e+00;9.1009916647837237e+00
1.6997233477427838e+00;-5.4828370724357320e+00
6.7383033701205823e+00;3.7826948717629882e+00
3.0581827460182200e+00;-1.2197456047491062e+00
1.8530608376597779e+00;-1.3762860600840918e+00
4.6272752771014360e+00;4.1504269302836478e+00
9.7169906322098054e+00;-1.1396758979784321e+00
2.7774986814309344e-01;-1.5504462353680943e+00
3.2017744142333466e+00;-7.3402511306848055e+00
5.7016941165813346e+00;-1.9215400693271585e+00
3.4368881315307260e+00;4.1894061073262332e+00
-2.5766319291139137e+00;-8.1169846155596748e-01
-4.7302902237188249e+00;-5.1693355833657986e+00
3.0877965917878418e+00;-4.1701946085619301e+00
-6.4162238288888673e-02;7.3751998600226187e+00
9.0787559852399049e+00;1.1747127666121209e+00
6.1825049380924724e-01;-3.3993109752700046e+00
2.7870724023969147e+00;-5.1429346177076010e+00
6.5111087591046930e+00;5.7678570112040823e+00
1.4896377118464112e+00;-9.9111212210021868e+00
-1.1173673979185024e+00;-7.2265517380962700e+00
1.4014709889448342e+00;-2.7338706315254768e+00
7.2928070649911696e+00;3.7788164677379843e+00
1.8155533056359239e+00;-9.1267688265743558e+00
1.3337675471193573e+00;-4.9265454180198924e+00
-5.9814141839550716e+00;-8.4478197069235748e+00
-3.6369564824455463e+00;-7.1006240566184129e+00
4.0006092692693129e-01;-7.6164819620233883e+00
3.4323003489405881e+00;2.7440514999435006e+00
1.2385164847286101e+00;-8.0131277133749848e+00
1.7223466277083923e+00;-9.0656734984907361e-01
2.6738658881853961e+00;-9.6529918892964943e+00
3.4770293460496529e+00;1.9893756685911503e+00
2.6405835514052272e+00;5.4473739733197046e-01
1.4380773470444823e+00;-3.9173240955306463e+00
4.6145132484526830e+00;-3.4071458060459565e+00
7.8069347147701915e+00;1.0871456272539621e+00
4.0115293805144683e+00;-5.6307070811727753e+00
2.8446575029530199e+00;-7.9954243055986707e+00
-5.5408305571584826e-01;-1.7681102313798507e+00
-5.8096235669275158e+00;-9.5249192180009743e+00
-5.4040646164435779e-01;-8.5517980534181834e+00
4.0063851619504707e+00;-1.1859332288240418e+00
2.6196289646269317e+00;2.3424545795966125e+00
6.7317878845295382e+00;-4.6015311846446281e+00
-2.2778226750582098e+00;1.4813193564123086e+00
1.2733394797854796e+00;-4.3060665922245898e+00
-2.7094076556189002e+00;-9.7604999071967757e+00
-2.0767840734283585e+00;-1.1065351412065089e+01
5.5468732023010974e+00;1.0348566760115432e+00
6.2320427767613609e+00;9.5770273458220689e-01
7.7229879357107682e+00;-1.8003329012347757e+00
-4.3232803545320948e+00;2.0165182042726419e+00
-4.1549177498790053e+00;-3.9019279528883364e+00
-3.9153608266627922e+00;-7.5041624300362795e+00
1.1269306163560305e+01;7.5868213644620131e-01
-1.2068129279426900e+00;-5.0512340833686986e+00
1.7784341829419925e+00;-1.0737001199208297e+01
-1.5781526880825045e+00;-6.7962687627785092e+00
-1.0839108479512665e+00;-2.5076397937510819e+00
8.5169984072272573e+00;6.8776018138715287e+00
3.9792599503912873e+00;-1.8411924483625755e+00
1.8538820272013932e+00;-7.4807469895565415e+00
6.1435110147239103e+00;-9.4187036015244940e-01
1.2918972519763992e+00;2.6447133415512569e+00
2.3925737960225741e+00;1.6523808326311462e+00
5.3328760149244943e+00;8.2763007518833671e+00
-4.6356373266640940e+00;1.1278966276589104e+00
2.5827389114578825e-03;-7.3140814463883972e+00
-1.3467707522415542e+00;-5.4575406514906053e+00
1.6911726550077870e+00;-6.4585942407135661e+00
7.4287697688043624e+00;-7.4384246690485067e-01
3.7312780862052728e+00;-1.0072810919466578e+01
6.6776005199598503e+00;-3.8469841250658776e-01
-4.3169000650570126e+00;-2.2732284962573246e+00
5.2732475194721662e+00;-4.2851156571640097e+00
-4.5583636991747651e+00;-1.7889574535292610e+01
3.5712529014614240e+00;4.6721555960722281e+00
-3.6834717888892854e-01;5.7778268330066496e+00
-1.2791604409557364e+00;-5.4990465169568088e+00
-1.9420416200374899e+00;-1.1885829134019543e+00
6.1542514744313936e-01;-9.6895366248170571e+00
6.2804587214181158e+00;3.6905602650146525e+00
1.3794085847931667e+00;-5.3867182941265694e+00
8.7384364256986853e+00;4.2965864168569485e+00
5.7199662705863021e+00;-2.7698407517476515e+00
1.3021647521698312e+00;-5.6957689033023584e-01
-7.9505234438670458e-01;-4.8635840917119770e+00
-3.1273615592389437e+00;-4.5291741892146611e+00
2.6119525512389985e+00;-4.6426661389830297e+00
-5.6776323149359431e-02;-2.6207164334550592e+00
3.0445467796544925e+00;-4.8508867412848353e+00
-3.3298047198122358e+00;-2.5856829495964058e+00
5.7667494264193042e+00;7.8111949351930887e-01
2.1648741010443913e+00;-2.2856855700303274e+00
1.8425709962040346e+00;-1.9241484619417273e+00
4.6623268876243773e-01;-6.6357834197823706e-01
2.1405345807073268e+00;-4.1915111602657973e+00
2.5594010764142321e+00;-6.3907756097923212e+00
6.9463400320798305e+00;6.1945866594858803e+00
4.7254195463290163e+00;-2.2516893723986571e+00
7.0174697070944072e+00;-2.3917316353649900e+00
-3.0556431281173824e+00;-7.1813960865594790e+00
-5.3391591950550144e-01;4.0985616630191712e+00
-2.2463762585163813e+00;-9.8692145191825968e+00
2.7281816665072247e+00;-5.2691089866669971e-01
-7.6160017779748035e+00;-1.1936319135833331e+01
2.6967800410445064e-01;-1.4158929762401624e+00
5.7850516967849224e+00;4.6886697094127516e-01
1.3057034314648019e+00;-2.2149585398992810e-01
1.6660462510034910e+00;-8.5363460817438614e+00
-3.8471303147090641e+00;-8.9027832798324678e+00
9.6354808646515586e+00;-3.2158162471781333e+00
6.0930959668245324e+00;2.9424993655676701e-01
1.6089459939066932e+00;-5.0775327907486378e+00
-5.5469001042998922e-01;-5.7231800414265326e+00
-3.7430963996821660e+00;-1.5779959537079904e+00
-2.7379223151939982e+00;-7.0096052099906609e+00
-5.0393330229019409e+00;-6.4281038047578125e+00
8.6949357776742175e-03;-3.6987746845908553e-01
4.3809228723678926e+00;-2.5900355089213134e+00
2.3707089542186326e+00;-6.3389253286984992e+00
5.2996954207165352e+00;-8.0613516583132530e+00
7.4594391915640301e-01;8.6058563412154498e-01
8.7445107248304055e-01;6.9336855860654278e-01
6.2595246595660070e-01;3.6541681058113999e+00
-4.1962285294183870e+00;-9.3425196206869963e+00
-5.3967360446590940e-01;-2.8674154167242447e+00
1.7375873911874118e-01;-7.8374176135946287e+00
2.1612663988325171e+00;-4.1962905462837314e+00
3.8033051581972996e+00;-1.7257784350315419e+00
2.8559717178482691e-01;-2.7338229970172279e-01
3.0514060494874569e+00;-1.1751693638830003e+00
-1.4725192672889724e+00;-6.5700869272541151e+00
-8.7634541652062659e-01;-1.2040614479528919e+01
1.9211476298298922e+00;-7.9005590817222906e+00
-3.9044455829417357e-01;-5.9261282344501538e+00
1.8534067707961381e+00;-3.5030561984958202e+00
5.6497709022548177e+00;4.1923851401172776e+00
2.6368220017521811e+00;-5.2761527420574268e+00
7.8875473041197584e+00;6.8170177478420086e+00
1.3985705302909412e+00;-5.3811987540181745e+00
-2.9994308270965195e+00;-1.4141383815218614e+01
6.8624678529907248e+00;-1.6228973454348179e+00
1.4560675190791366e+00;-7.5237871764368176e+00
1.4315208993726365e+01;1.6190347685760784e+00
1.1341277417156610e+00;-4.5215879865465842e+00
2.1034546656269972e+00;1.0536091891843675e+00
2.1679607564335694e+00;-2.4464786344384368e+00
2.9978992738898294e+00;-5.2685519854038612e+00
2.4945989465707954e+00;-3.3273191306727785e+00
9.1332411837106475e-01;-1.5790516628862206e+00
2.8054207841852397e+00;-3.6205482270813527e+00
2.0201410614143374e+00;-1.1631738804588482e+01
-9.4358998594511068e-01;-3.7811025360816579e+00
-5.7527551538233546e+00;-5.4466012113312505e+00
-1.5164529485040847e+00;-4.1318108592311553e-01
4.1355901808812021e+00;-1.4766443543735390e+00
-3.7302525160070310e-01;-3.4699044057124340e-01
7.7902146568789741e+00;-1.2006925983743515e+00
-2.0923740425209587e+00;-8.0164835645679950e+00
-5.2854309041913039e-01;-7.4888954311780056e+00
-2.4956369998161332e-01;-4.1798937531322462e+00
4.2715423873992719e+00;-5.0621596032337894e+00
-2.1096054464627354e+00;-5.4785789581692299e+00
7.4788323378859554e+00;3.5709391947582914e+00
6.9836162251388565e+00;8.7552909527791094e+00
3.5587966585697939e-01;-2.8756489240896217e+00
9.7249317540402878e+00;6.1029121056499989e+00
3.6287862815303065e+00;-1.0131127059569720e+00
-1.2274877974080383e+00;-8.8292329309327755e+00
-3.5423072268774387e+00;-7.0389888047864169e-02
3.9491757852773843e+00;-4.4517347614080531e+00
9.1804708284110026e-01;5.9542464575869190e+00
5.7361840435649381e+00;4.0267524878138534e+00
3.6498496543120043e+00;-6.5203399256696706e+00
1.0140102693019273e+00;-2.5929118436256191e+00
5.5203327569812455e+00;-3.4979551041996308e+00
-2.2305127502340047e+00;-7.0532005308469312e+00
4.9025989234072860e+00;-6.4637071387381138e+00
2.8814058510967868e+00;6.2908289838838787e+00
5.0366735872490951e+00;9.7015150522201257e+00
5.2126955078630335e+00;-5.7035733330422573e+00
7.1535461589704696e-01;7.6208836109840252e+00
-6.5047985361774474e-01;-7.4511908111593215e+00
2.3868667910724239e-01;1.5940007267766321e+00
3.5275352439798011e+00;-1.0648438509500195e+00
3.3842171048916585e+00;1.0858803899866363e+00
-3.5956426752742452e+00;-5.9564841688782533e+00
4.0306302169702128e+00;-2.1758877776547045e+00
2.7671669151253182e+00;-3.8641375259248063e+00
2.2562810867652221e+00;-7.5872147101443135e+00
7.9049944318613274e-01;-2.0780521165155403e+00
-3.7652784980040241e+00;-9.0886502681064183e+00
1.6076159678751938e+00;-2.2475056072329203e+00
-3.4347838515339415e+00;-1.0657643206046783e+01
6.6576426250897480e+00;-2.8343816209774766e+00
2.1530422600450270e+00;8.7008151574972104e-03
1.0931189080334440e+00;-1.3831410352396332e+00
-3.4097439286822215e+00;-6.7327010702028094e+00
3.8882422606509022e+00;4.3603104358835676e+00
2.4490757026151755e+00;-6.4897930975933207e+00
1.0096101809323514e+00;-3.0144961212345018e+00
6.1760513672887889e+00;-2.5750568803622276e-01
-1.3818885499170483e+00;-6.2996470099343806e+00
-1.5331804194263250e+00;-5.1559864306291630e+00
1.9103989634088545e+00;-7.3067768153885071e-01
-4.7519829148688641e-01;-7.9350778028051456e+00
5.6795751059877215e+00;-2.5077812126383896e+00
-4.4712179007450947e-01;4.2301640062158459e+00
-7.4686549768871000e+00;-7.1916494173534433e+00
7.7345561268095189e+00;2.0377611715594215e+00
5.7719572669486352e+00;5.2893278500615093e-01
-3.2686159798803027e-01;-7.3685287972939451e+00
-4.8407191195906423e+00;1.7607975963751432e+00
-1.5649295107964911e+00;-5.7915144634133693e+00
-1.0985472902069237e+01;-8.0228180903322315e+00
6.7058936755642247e+00;2.2688669743937870e+00
3.8668141132367442e+00;2.6958197497237872e+00
5.4317795218758391e+00;3.5595136284747984e+00
-5.1420665347413888e+00;-1.0597189702045842e+01
8.3652311473084606e-01;1.7840633679466871e+00
2.4184314537324449e+00;1.4365351128433268e-01
4.5916153054265987e+00;-4.4640576135085084e+00
-1.8985747226756748e+00;-8.9096305672651255e+00
-5.7587076982547334e+00;-9.0800226031909279e+00
-1.0514774788154391e+00;-8.7261034332497758e+00
2.8024047247594934e+00;-1.9600552731501928e+00
5.3220830375191035e+00;-3.6645096171854852e+00
2.6797657701873296e+00;-2.6437572725149892e+00
4.0060903399291865e+00;-2.7116517583876036e+00
5.5259079245969183e+00;1.6316096458602356e+00
-4.4796009736159892e-01;5.7021837209613135e-01
-1.4344398776329226e+00;-7.5520726745423961e+00
-9.8841202549007834e-01;1.4231503211967693e+00
3.1018819262259809e+00;-6.4386764628026194e+00
3.3347378117812183e+00;-3.1610991591909365e+00
-9.9059284204108833e-01;-7.9800882502580279e+00
4.6283577310944226e+00;-7.5239066582938738e+00
7.0724922448268144e+00;-2.1144083813621828e+00
9.1112717601644899e-01;5.7557803799817542e+00
1.0926228327542553e+00;-1.0965918113316677e+00
4.2012588443683638e+00;-8.9856879104024046e+00
-1.7839575538620678e+00;-6.5327476278112906e+00
3.7881339835564569e+00;-1.4627446039698930e+00
1.2015205509715614e+01;1.2768636097060577e+00
-4.2607056001533037e+00;-1.4961494171539179e+01
-7.1548941712171494e+00;-9.9292918817603049e+00
1.4333426798280060e+00;-6.3773435041695379e+00
7.4550865442703387e+00;2.7569851141002779e+00
1.3560903786205234e+00;-4.1619118309254954e+00
1.0548730820420383e+01;1.1337995481858503e+00
-8.0514400471281045e-01;-7.9766763912726528e+00
4.1090660752725761e+00;-1.9159491784038856e+00
4.7925857985543727e+00;2.2777097342757102e+00
-4.4678313300455113e+00;-7.9747930328135990e+00
3.5776891349284656e+00;-5.9513237600522384e-01
2.1954269064005199e+00;-3.3386809507558532e+00
6.8821154537628937e+00;-1.2904991660186496e+01
1.3487188654716598e+00;-9.1873952788139093e+00
1.8717162432321612e+00;-3.7731055480727180e+00
4.7343976941053443e+00;-7.5314542159060549e-01
-2.5815667164285774e+00;-1.0347058820494322e+01
1.3809800627959747e+00;-9.1895868911855558e+00
2.5993405280670543e+00;-9.4985709397677240e+00
1.9445083221021091e+00;2.5636135846466122e+00
-1.1903452967835717e+00;-5.4727436234618096e+00
-1.2066564797011714e+00;4.2555931671452951e-01
7.9499243879983883e+00;7.4293064331271896e-01
6.2003213760559994e-01;4.3176960213321092e+00
8.1638102348656147e+00;-4.2698974109914420e+00
4.4354943333467087e+00;4.2033078768509711e+00
4.8498317294010569e+00;-4.0081605892722028e+00
1.3750777618581407e+00;-3.2263665871054172e+00
2.5043218185742262e+00;4.5389525898842598e+00
6.8689411260388344e-01;-1.0584950083392122e+00
1.1158491313089247e+00;-2.1138219290555575e+00
5.2438041853235928e-01;-8.9558658740497812e+00
4.7017727423922970e+00;-2.7182611280177982e-01
3.9911429577140867e+00;-1.6377108753228977e+00
1.1167438922289083e+01;5.4048603053583779e+00
-4.2115025969033448e-01;-6.8140360060711629e+00
-3.9859387593617210e+00;-4.5302260999375488e+00
-1.0799579398931991e-01;-8.0284974620762277e+00
1.0790945272483196e+01;3.4918222459929682e+00
-4.3794188347386278e+00;-2.5004953592071724e+00
3.8955900834774004e-01;-1.3466944417239635e+00
-4.9728659147212140e-01;2.1143368497029709e+00
2.3786336345778700e+00;3.1328529263975291e+00
-6.0748955943501191e+00;-1.0973720320239579e+01
-5.4060049118402596e+00;-2.4438500563256964e+00
1.5027724219068750e+00;-1.0452306322871618e+01
-3.3374139831957503e+00;-1.4480929832336948e+01
1.9453605217414789e+00;-3.2744844098098054e+00
-8.2962608599710652e-01;-5.0897591908577713e+00
3.3559339490315887e-01;-9.3322972458718887e+00
-1.9464471728049029e+00;-1.4561200944897887e+01
2.3972814410955761e+00;-1.5134178951306403e+00
5.5619961217572929e+00;-6.0168528722381520e+00
7.7366441922135660e+00;-1.2029675770511883e-01
1.0897478087939039e+00;9.1319326495752584e-01
2.2397700152629243e+00;-1.1450910333483009e+01
-4.2160802941956739e+00;1.9877061481371907e+00
-2.9382327767109899e+00;4.2807197807226149e-01
1.3873059709614832e+00;-1.4387388908428593e+00
1.0185772403919932e+01;2.7938735680308815e+00
6.4585712079879238e+00;-4.9424888233500148e+00
4.5491140467724822e+00;7.9230617340677378e-01
1.3870632496996569e+00;-1.4274018365731678e+00
6.6498430354747677e+00;2.9241841282043968e+00
6.4170430707853958e+00;-4.6243837451974219e+00
1.6842316814743947e+00;-5.0640721846919963e+00
4.9495948020670588e-01;9.0968095420669304e-02
2.2661733176050740e+00;-1.5507625141282988e-01
1.1484061866932318e+00;-4.6898425825710444e+00
4.0980213446071536e+00;6.1316884286383910e-01
9.5040937835782948e+00;-4.2802555871950085e+00
5.1699660439445037e+00;-6.7703989523648147e+00
6.6883346253963625e+00;9.0726923212649595e+00
-1.1903228980545948e+00;-5.5483232534580358e+00
5.4924179168357306e+00;1.1164001634256673e+00
-1.6544276965422817e+00;1.6892731605001963e+00
-2.6935155849510704e+00;-1.0828879859785548e+01
5.9709999956811188e+00;-2.7006555782186026e+00
-3.0279931684464838e+00;-1.4126941275939672e+01
5.5001586807094096e+00;-5.7943736397559711e+00
4.1495062823740358e+00;-4.2331411933588772e+00
-2.2006281205107623e+00;7.8890552117988744e-01
2.2111396288576781e+00;7.0090905499574383e+00
-3.8882722933943201e+00;-6.9819571002207557e+00
5.0185853866096224e+00;5.9508820781863037e+00
-1.9189427977564804e+00;-5.7859136673953717e+00
-1.8069813914194519e+00;-4.4971238505234989e+00
4.3549387748045802e+00;-5.5022308324162914e+00
1.7731970672641837e+00;-6.1167086777267716e+00
1.0690077488070827e+01;-4.8106072075637663e-02
1.8838414164193233e+00;-9.8353138211507591e+00
-7.3219532813074517e-01;-7.1987459315607154e+00
3.2428441980081311e+00;-6.3510082551294502e+00
1.1349632427317795e+00;-2.8038748898090402e+00
8.0538270746661453e+00;3.5303686638190364e+00
1.1060859805761229e+01;3.6455960018067088e+00
7.8542653224776675e+00;7.8886046694937795e-01
3.2588188249599002e+00;3.0549966470129961e+00
4.1319847852455394e-01;2.6524786409195489e+00
-2.6007246885624893e+00;-1.9291646848075757e+01
2.6102264808631590e+00;-4.2319191608520832e+00
3.5027460471674505e+00;-4.2397436631258456e-01
5.7890229546636984e-01;-2.4127970274554844e-01
2.1926037016246012e+00;-1.7499207269785884e+00
1.0507714743725858e+00;-3.6777043440083927e+00
-1.0085012292660823e+01;-1.1769154781241475e+01
-1.1961434224659455e+00;1.4836419240628453e+00
3.5777546602794499e+00;-1.0560202940028921e+01
9.6411345391671066e+00;1.1220001798382189e+01
5.1112243148939562e+00;-3.2608509271228687e+00
2.1223771061361099e+00;9.0296960809104743e+00
2.2199102796355512e+00;-1.1134725061902140e+01
-5.0137577236622404e+00;-1.8782318012168986e-01
1.2541583468008755e+00;-5.4280759127164080e-01
-5.1617517237284067e+00;-6.6616416328621977e+00
3.6030045323411755e+00;-5.7826597491492926e-01
-1.0541024963128720e+00;-7.4521380352915925e+00
3.9106697104432540e+00;2.0551364072036371e-01
-2.4548579747367318e+00;-5.5445816661227303e+00
2.0639131319434734e-01;-1.2712867057283905e+01
1.7595296216928360e+00;3.7526532632552003e+00
3.0182056261752663e+00;-1.0618274506332137e+00
4.7986890005751004e-01;2.7792354667263446e+00
7.6908453440820761e+00;1.9236755603072702e+00
-2.3091494896272167e+00;-3.4085202180244289e+00
2.9220500462552561e+00;-9.5374081589906883e+00
4.1113787388255494e+00;-1.4885438358581440e+00
-3.0869549933781224e+00;-5.0907918234487761e+00
2.7560123519812123e+00;-1.1185521822438180e+00
1.1619755326653532e+01;4.3166599340689737e+00
-4.2494399918184689e+00;-6.3107917578726225e+00
-3.6470341776890924e-01;3.1330614266336161e+00
3.7643508281745928e+00;3.0999751757682192e+00
1.7297051362110492e+00;-1.2137548038453660e-01
2.6853290214376857e+00;-2.4695533603324549e-02
6.6621329550158288e+00;2.0443846469224587e+00
1.5203003610740808e+01;6.6158387636643727e+00
-3.5328002315639191e+00;-3.3636212288017817e+00
6.7016044835209891e+00;5.8481568820710290e+00
-2.0121716160301970e+00;-3.3703733385803596e+00
1.5799302429067175e+00;-6.5571805165098098e+00
-2.5143134411706036e+00;-6.4166284267804770e+00
3.0767849016791966e+00;-5.5811071478903278e+00
6.0459895698017156e+00;3.3819514753714266e+00
-4.9259794263199179e+00;-7.0083896104329755e+00
2.9715908745245727e+00;3.4566924410155444e+00
2.0166933221433148e+00;-4.2314933435369317e-01
5.6761319295296806e+00;-3.5727565167127491e+00
9.9656597220884979e-01;-8.1480235396888752e+00
-1.4531551751882752e+00;-2.0962072802704634e+00
3.8305588506315131e+00;1.4857655148152737e+00
6.5334617664281458e+00;-3.9530428294605189e+00
-3.6065657952732728e+00;-1.0374940433596635e+01
-6.3354850726440315e-01;-1.0353546329689931e+00
2.0482968181733079e+00;-8.2936453648103843e+00
4.7617479239866007e+00;9.3589070330820618e+00
1.1977129472449732e+00;-3.6046079215373323e+00
2.2160171695419550e+00;-6.6485760320116105e-01
3.1833322284384096e+00;-4.1632395163568319e+00
-3.0647353373866917e+00;-9.3073332728928122e+00
-2.8549061771744464e+00;-5.7612403289666121e+00
-1.6043387462301562e+00;-1.3886764944001108e+01
-5.8806652221363453e-01;-9.7330573322016090e-01
1.2287381550570884e+00;-2.9167474326310945e+00
3.5166229750246547e-01;9.4652269844313031e-01
5.9731308004855634e+00;-1.6237965077032936e+00
9.3403536714719912e+00;-4.1469310251934122e-01
5.8439102139645467e+00;-1.3211612122472776e+00
9.1508651083719919e+00;-2.0755391534425964e+00
2.7967006484530863e+00;-4.5030343178514087e-01
2.7201329179305915e+00;-2.2306927796428746e+00
5.2948733605235203e+00;4.4769626568328897e+00
2.1458730780942528e+00;-9.2952051191782488e+00
-3.9515135725987607e+00;-6.1216053803472139e+00
-3.1263083591253222e+00;-6.9937736668123174e+00
8.7413255791106508e+00;-3.9580845824695690e+00
3.5760245457708120e+00;-3.9666778554727635e+00
5.8070570863765019e+00;1.2902464937801339e+00
3.8662102936236122e+00;1.3970822139960166e+00
9.9400828405526442e-01;2.7408368399231673e+00
-3.1074021994307319e+00;-1.1410771579602468e+01
9.6515565516480155e+00;-2.6468371477498254e-01
-1.6919011442982357e+00;-1.1241671055570574e+01
2.9381649710782609e-01;-1.9279884432782894e+00
3.5700234388029877e+00;8.2735328987599210e-01
7.9257825786253715e+00;3.1890399770270772e+00
-6.2890066402136080e-01;-1.1076267403705602e+01
-3.1091106537878597e+00;-6.4733531895141780e+00
1.3831168593410319e+00;-8.5491133857329373e+00
1.0814680981905411e-03;2.9853213526038997e+00
6.3062349778275673e+00;2.3341572598895866e+00
3.5018342985081379e+00;-5.7328391709331976e+00
-2.6062187063724789e+00;-1.1140149636826330e+01
7.5936300473049716e+00;4.4862724869294190e+00
-6.0888559375172999e+00;-6.3326996888894405e+00
3.1692172070625579e-02;-9.5577116699274587e+00
6.0812117238782317e+00;-3.2120406129527614e+00
6.8094303950656720e-01;6.9932657168837089e+00
1.1904026539804130e+01;3.6410503733871238e+00
-1.2566948261460000e+00;-4.6543647741233407e+00
-9.4250769460732498e-01;-1.0539445648916821e+01
-5.4083441893106157e+00;-8.1860383323060404e+00
-1.7820909678010510e-01;-1.3748781681746880e+00
1.7553808895048413e+00;-6.1692188672269763e+00
-6.3989281878226167e-01;-1.0624197855336781e+00
2.2703475148590302e+00;-4.2182848203937375e+00
6.8379660459702523e+00;-5.7488610276260186e+00
5.9613145074633174e+00;-3.2262176647116307e+00
2.5506466821044937e+00;-4.0074521870808777e+00
1.2868951299483089e+00;-1.0270591472126226e+01
1.9987546830130942e+00;-8.5570955636982653e+00
1.8960288439985864e+00;-8.9417250955566452e+00
1.7537283557179142e+00;-9.9031168391251345e-01
1.6968159212049154e+00;3.2016062436803363e+00
5.4881683590124055e+00;-3.7303961224551738e+00
4.4845999798864131e+00;-1.4369305933245169e-01
7.9999512417125551e-02;-3.8073482581047959e+00
2.2881591460020481e+00;-9.6899827127040039e-01
-1.6423487971358375e-01;-3.7690479124566361e+00
-9.2029107575210034e+00;-1.6247628411492684e+01
3.8035766497190564e+00;-2.8411945744157632e+00
-3.1865328989717767e+00;-7.1243965673107716e+00
1.9004317573293030e+00;6.9755160071762434e-01
-2.8440513904966203e-01;-7.1960655167290666e+00
-7.4911278502694927e+00;-1.1294342578582281e+01
1.4511739564766954e+00;-6.5521244518272006e+00
4.6952298467697346e+00;-5.1046763129651849e+00
3.3303530763243385e+00;-4.4661369885281488e+00
2.2034444106773954e-01;-2.4820786104578207e-01
1.8242527967389699e+00;-1.8567251794741677e+00
5.0285062547605817e+00;2.1413062972166923e+00
-1.7426813754479307e+00;-1.2270292724079976e+01
5.3016109033866741e+00;-8.9201429371771468e-01
-1.8515487555332903e+00;-1.1491721189788061e+01
7.3616311430556287e+00;-2.0963582241496068e+00
7.3588804145424946e+00;2.5612580009283050e+00
-8.7650485900890107e-01;-1.9942737437829177e+00
3.7440389614416980e-01;-1.4884628342744026e+01
2.8577454168737542e+00;-2.7793042763030074e+00
-6.2106745472962066e-01;-9.6862356013013660e+00
2.5657691882776361e+00;-3.2943856640518860e+00
2.6302404830525594e+00;-2.4079834664552009e+00
-1.1148498008339551e+00;-2.7416601278838373e+00
-1.0367453904438664e+00;-9.6100493231640520e+00
-4.1677790856722030e+00;-2.4230789318782291e+00
1.0782242780019534e+01;5.4362395244326223e-01
4.8490968371573189e+00;3.5799340807375097e+00
5.3589862578624068e+00;-3.8917843648502002e+00
4.3107435841188870e+00;-3.3356127758426606e+00
4.7288282067372900e-01;-3.1172791579863621e+00
-7.8509135961543342e-01;-2.2829463706533453e+00
1.9415794826060417e-01;8.2310569090115955e+00
4.9766493118819710e+00;-5.1533837678210519e+00
-3.8680610154705652e-01;-1.1909297736250086e+00
3.8032374465665209e+00;-1.3790062871444242e-02
4.3463030323093408e+00;-3.0265831432150625e+00
2.4591848846084559e+00;-6.5206161467476305e+00
7.3280508713425996e-01;2.7072512132533877e-01
-1.9974027003570485e+00;-5.9152995333477643e+00
-1.2903225782405672e+00;-1.2523028209497152e+01
5.7697029175275549e+00;8.7532772897405575e-02
2.3569021748357142e+00;-4.1273651155236344e+00
-1.1365631820483890e+00;-7.6258915637537008e+00
1.1213852314163695e+00;6.0634780629049221e+00
1.6653413046317829e+00;-9.4228532480702647e+00
2.7716646164126990e+00;-2.6483378300339906e+00
-2.8875311068006857e+00;-5.7550249022753341e+00
4.9686441120078655e+00;-1.7311359255228460e+00
3.3521866718213746e+00;-5.2201053309720544e+00
5.4208066717816656e+00;-1.8416490768925902e+00
2.3603319100556157e+00;-1.1587739536391517e+00
-2.3277380235105216e+00;2.8848703959473809e-02
3.4630994668872419e+00;-8.3713742769638984e+00
-4.9226609129191266e+00;-7.4292609126929978e+00
2.3112660033233952e+00;-4.5904599647149720e+00
-3.5294700828657248e+00;-1.3614466975502979e+00
7.3959777531355142e+00;3.5335867121492726e+00
7.1039744824602336e+00;-3.6820833580616563e-01
3.9674357718254312e+00;-9.8762226842855299e+00
-5.6934189004600739e+00;-8.8203183378538768e+00
9.2236448419230221e+00;-4.4478958602564500e-01
-1.6572827859403945e+00;-5.6016418654436064e+00
9.7089206294792385e-01;-9.8545608826499453e+00
7.4798512208350521e-01;-3.0392171363352323e+00
2.7964638547841805e+00;7.2643315906044421e+00
2.9653422858989318e+00;2.8091361348160504e+00
-4.6514668573021778e-01;-1.2468878454784168e+01
2.1204940207927985e+00;7.6676144258493579e+00
-3.5526017595205559e+00;-2.0281967831349121e+01
8.4287822355328190e-01;-1.2938881263070396e+00
2.3636949717495730e+00;-7.6339146880822391e+00
2.9316719801392708e+00;-4.4747436499521145e+00
-3.1000074194146698e+00;1.1033913038684133e+00
2.3724325110040589e+00;-1.1437733548121708e+01
1.1937819432134770e+01;9.0728071642832759e+00
4.7962055026139794e+00;-4.7065316525667473e+00
1.5672222163298244e+00;-2.5380000336809609e+00
-3.1239463179984970e+00;-3.1399932415417351e+00
-1.6184491634381573e+00;2.2469019461924695e+00
3.8676390477482823e+00;5.2055891417780735e+00
-6.9985327649624054e+00;-7.1395348531101899e-01
5.3310282166811174e+00;-4.0962940742049101e+00
2.8098900419955548e+00;-4.3386781322073720e+00
1.3337888595796561e+00;-2.1102868693595322e+00
3.9143153682157843e+00;-3.9437712550078841e+00
2.9343369153148435e+00;2.4409410828672762e+00
-5.4906728226520585e-01;-4.3026617468160833e-01
2.0544402809345015e+00;-1.0194410679595061e+00
7.1587906823895482e+00;-4.4934457036562963e+00
5.0220083163550449e+00;-2.3689145625339414e-01
1.9670979593307591e+00;-8.5827131508927224e+00
3.8898188890183123e+00;-1.3038220869235735e+00
4.4061971053762727e+00;-5.6226123055304456e+00
6.5601893408060619e-01;-6.3587370796377414e+00
-8.9864191256894816e+00;-1.1958069848571117e+01
3.6861111585910433e-01;-5.8876574415247607e+00
6.1996095780225753e+00;3.3186739216059848e+00
3.2352134483215869e+00;-5.7517196402911024e+00
-1.3170387812894555e+00;-8.8129294230350990e+00
3.9756768745816258e+00;-4.6858322976833753e+00
-3.2431506194742088e+00;-2.2910544388827572e+00
2.4001756544156492e+00;-3.2376169945383171e+00
3.1279118507493924e+00;-3.8990344025288257e+00
4.8134863201311671e+00;-2.0136035088108883e-01
7.4229011700018157e+00;3.5153514014078180e-01
5.8927134366321976e+00;-3.5545290938418845e+00
1.0339256220109359e+01;-1.5463213459973497e+00
1.0602913580372619e+00;-3.8075928634190421e+00
-2.6177768280920173e+00;-9.7190521200875306e+00
1.2466442848522487e+01;4.6871503139508253e+00
1.8253499350854820e+00;-7.6610875560658256e+00
2.6408140172068371e+00;-5.3386576380222728e-01
3.9170631067836394e+00;-3.1355825231426016e+00
2.5890704101515416e+00;-6.2291021730342795e+00
-2.0202005497440414e+00;-5.9891184407379026e+00
-2.3808582734759955e+00;-8.9966746101090749e+00
5.2941877638644499e+00;-2.8500681190764263e+00
4.0536601374595662e+00;-4.7650517346282992e+00
-4.6480160785838089e+00;-4.8097817958100997e+00
5.4511331503036420e-01;-3.7677824416815930e-01
5.6737727778434444e-01;-2.7971207914386138e+00
3.6373299558880241e+00;-2.8206792059917323e+00
1.6244770947034728e+00;-1.0562148288828295e+01
4.1674468704032330e-01;-7.1735234613160737e-01
6.4800664646874417e-01;-1.1049912559789682e+01
3.3558454375736022e+00;-6.4968806052131081e+00
-1.8111669282532095e-01;-1.4323389870473653e+01
-6.9943253801827421e-01;-1.2475391886836571e+01
7.2349866810337762e+00;1.3942715627958737e+00
2.3040579180592782e+00;-7.3946657634660875e+00
3.8400844588576311e-01;7.2256348300755313e+00
-5.2682130689004900e+00;-4.6153240441983030e+00
1.1868810678793573e-01;-1.0435222442881052e+01
6.1347737823746220e+00;-9.2842998615163399e+00
1.2328445994116779e+00;-2.8019055890120095e+00
1.3600827000021627e+00;-1.1493423449955227e+00
-2.4382677264482355e-01;-2.3398089816924470e+00
3.0367311562986510e+00;-4.9154321594124006e+00
-1.0921241583927048e+00;-1.8516401048501012e+00
