"X1";"X2";"X3";"Y"
8.1603778294685281e-01;-2.7444548441747316e+00;2.6924077940543629e+00;5.6034849115497609e+00
2.4052341255683816e+00;-1.3021457403421277e+00;2.0157118367477898e+00;8.2871375141781183e+00
-2.2916243380620740e+00;1.3470006786594535e+00;1.1597172458677054e+00;5.7680697574982753e+00
-2.9373693636876337e+00;-7.3285770028352015e-01;2.0610541132266667e+00;2.5641213904390767e+00
-9.6096813978802365e-01;-7.9314158040021177e-01;-8.8088817806965869e-01;2.6850967400003412e+00
2.9494693379349419e+00;1.4907979234897004e+00;2.8572516617974211e+00;8.4188616536073262e+00
2.6432056073891532e+00;2.4096212072939878e+00;5.5678679850189505e-01;3.6093276779110623e+00
1.9101818783729740e-02;-1.2880890880653959e+00;-1.9978056607264374e+00;6.5048109418966131e+00
-2.6025875809562722e+00;2.8626360266554816e+00;9.8003170091585190e-01;-2.9898044948725770e-02
1.0098784985833484e+00;-1.6995972127147185e-01;1.1001115152782530e+00;1.1710573398511464e+00
-1.8193448044386382e+00;-1.5088365118017444e+00;3.0095181782196123e+00;-1.9473130638293288e+00
-7.1484565250539189e-01;1.0137268504747272e+00;9.1944460038430620e-01;4.3409794366801355e+00
-2.9872784441389650e+00;-6.4248441862885031e-02;-2.7381327276022267e+00;-9.8881766579589203e-01
-5.0944809144750103e-01;-1.9776730120303254e-01;1.7154311504167659e+00;-6.3978325150666304e-01
3.0274929634030956e+00;-2.4436683275496622e+00;3.1051435808406662e+00;4.0630995755704831e+00
2.6146322039889247e+00;-9.7188941360201131e-01;-2.6196248803069317e+00;7.6466363722142745e+00
-1.7287091247129687e+00;2.7446116674692549e+00;-1.8620036044510784e+00;-1.1282389791243723e+00
-1.2401779334249872e+00;2.3338748553766369e+00;2.2355250173721775e+00;3.4803519126079374e-01
-1.7768152668203303e+00;-6.7116852745982802e-01;-4.0791442777808795e-01;1.7257669495097823e+00
8.1470640203349953e-01;8.1208950879411113e-01;-8.6918716780721006e-01;4.4557990302697474e+00
5.0361738516962085e-01;2.5982791647424177e+00;-3.1283474738170480e+00;6.9755953364909438e+00
-2.0679290115138960e-01;2.5974729888494190e+00;-1.6371856447812350e+00;1.5230057484281385e+00
1.2314662245663897e+00;-2.1401402740950299e+00;-1.5383968790688196e+00;6.4369017529039239e+00
1.5148715787251072e+00;2.7921278892606338e-01;5.7512612669228824e-01;1.5410440957765636e+00
-2.0783721153418009e+00;-1.8436867937438417e+00;1.1119704045534347e+00;5.4839896872359581e+00
2.9991783261970859e+00;1.5782977316480382e+00;-8.8936809696727881e-01;7.1504194773628731e+00
-1.0686736843636702e-01;2.6736875999544640e+00;-5.0184265624943869e-01;1.3165769287129299e+00
1.3151175733714728e+00;8.5403038460991176e-01;-1.1224603390023402e+00;5.0999889951774788e+00
2.8773454536880481e+00;6.4190262474571247e-01;1.8761598959413845e+00;3.0940572429463966e+00
1.2755967829692647e+00;1.2660921132597256e+00;4.7477123485011008e-01;7.3315588803839660e+00
2.0117390480020569e+00;-2.6426117475480400e+00;-1.0761896814240752e+00;2.6286014459583207e+00
-1.1384540379915764e-01;-1.5561369730439596e+00;2.9636670305077981e+00;6.0085118675784681e+00
1.1075717910160066e-01;5.4664488227551500e-01;1.3983651144126901e+00;2.0443131519039812e+00
-2.4641350729166946e+00;2.0396266193630979e+00;1.5362527275692921e+00;4.5949187999238594e+00
2.5622105811077596e+00;1.3329817707659934e+00;-1.3449930446251166e+00;7.3381957167879222e+00
1.5691904465810387e+00;-2.2072668419046249e+00;2.2478233083361641e+00;8.0801300276132491e+00
8.2117835994526267e-03;2.0361096454289562e+00;1.5510587962421907e-01;5.5988725566308126e+00
9.0490163557972458e-02;3.7611610935053630e-01;2.8641950874723161e+00;1.6429489929436332e+00
2.5869138480184732e+00;9.6387929133969141e-01;-1.5937490402176138e+00;5.5894701167600909e+00
1.3830194138756395e+00;-3.0162625185501599e+00;-1.7205774623745587e+00;1.9527841954291427e+00
2.8680242666065645e+00;-6.2553702716494586e-01;-9.5246761191873741e-01;2.6923435680908074e+00
6.5009413415397344e-01;-5.9274856739539361e-01;1.5428184975578141e-01;2.7898681973261268e+00
-6.1207868804812993e-02;-6.3476847801752578e-01;-2.2468961384566679e+00;2.2443916390372207e+00
-3.8263479932419919e-01;2.4763762990637126e+00;-1.3039786457340170e+00;2.1854901285023680e+00
-2.3222497579384305e+00;-2.4114387050800934e+00;1.9045538893409653e-01;2.3832832980044811e+00
2.6850295613710697e+00;-1.7867725475404819e+00;1.3632450811006089e+00;7.2716569412573282e+00
-2.5038236079716167e+00;-2.3717421947252983e+00;-1.5985872771089273e+00;2.4069510863718455e+00
-1.0947101605655938e+00;-2.2159209615961881e+00;4.8952147684976932e-01;3.5751855632655092e+00
2.4179481381014867e+00;-4.1938656386284467e-02;7.2974512515646683e-01;6.9320179853333552e-01
-1.2926131252741531e+00;-1.1656635685969789e+00;-2.0165635174681329e+00;3.3609236900369526e+00
2.0752795768082599e+00;1.4185441382841795e+00;-7.6216900901087437e-01;7.7439501050903727e+00
1.1862032984071122e+00;-3.0831524402676567e+00;-2.6446689043540177e+00;5.4854633999739386e+00
-2.7611688041412803e+00;3.6154999846355196e-01;4.0636059807063463e-01;5.0352036351342244e-01
1.9001285683284221e+00;2.6531776863989114e+00;-1.6463364790170156e+00;3.1826339430642663e+00
-9.3496859618392669e-01;-9.6918626197776980e-01;1.0756050522174165e+00;3.8454693061083103e+00
1.8260109755235918e+00;1.6655490445462959e+00;9.9301308337371363e-01;7.9990353228503377e+00
-3.5890530761557082e-01;2.1921132333451627e+00;1.7165360976962933e+00;3.9718658069191641e+00
1.5379537371082188e+00;-3.6229065298046370e-01;6.7914436762690000e-01;1.9000036966704488e+00
2.2193630356922025e+00;-1.1251469734552271e+00;-1.1758351979677739e-01;6.4963737002232351e+00
-1.6260689071660046e+00;-1.5603676031091387e+00;1.9012627194708047e+00;4.6960834879041871e+00
-2.9132313067391844e+00;2.8283061206192661e-01;7.8719222398446043e-01;3.1010503553871149e-01
-2.8441269860888907e-01;-3.1036843229260866e+00;1.4796032218222832e+00;-4.0501976233622289e-01
1.9791870090104720e+00;2.2627910497337203e+00;6.4428960528604451e-01;5.0836035599407881e+00
2.7584991791907703e+00;-9.3259113976514074e-01;-9.4731639636225662e-02;4.8893274582645194e+00
-2.2258794521305498e+00;-2.3309687580513416e+00;-1.9863600775769150e+00;1.6489723455335412e+00
-1.3736570171096798e+00;2.6668164141449466e+00;-3.0905631292013660e+00;-8.4643549759158123e+00
-1.6923224403221613e+00;1.5217259986201759e-01;-1.7839295878092385e+00;-1.8370772342843851e+00
2.0584565535480372e+00;3.0491785399425861e+00;6.1756080918814504e-01;9.5589385038664398e-01
-6.9034841470779718e-01;3.0709362245257452e+00;9.3471165897865838e-01;-6.5052676821404065e-01
-1.5720270406218775e+00;-1.1916961928333545e+00;2.2379315803339006e+00;2.5329194326273492e+00
-1.6523127386852965e+00;-1.6878834869520460e+00;-2.6190270279214678e+00;1.2184129101656342e+00
1.6197083783278154e+00;-3.4726281875389464e-01;-2.8993453314394202e-01;1.8102589758026031e+00
3.2670726411660134e-02;4.0037966008318371e-01;-2.3488131417322364e+00;1.1955189711369871e+00
-3.0132166699031333e+00;-2.7942036486320752e+00;-2.2543606209047451e+00;3.5262926768510877e-01
-2.0539734945938912e+00;1.8919300081808137e+00;1.6756884671810042e+00;4.7188762554878716e+00
-1.9782497465002373e+00;-2.2242620835995135e+00;-1.8881396868575244e+00;2.3277918480713096e+00
2.1726398454279989e+00;1.7616354104351384e+00;-8.9113253764990219e-01;7.6244180580937115e+00
1.7489953297949778e-02;6.6192727456428102e-01;1.3238399332623034e+00;2.6673219197888027e+00
-1.4348628908204972e+00;-7.2792027629270617e-01;3.0668823015326199e+00;-6.6574705150203117e+00
8.8766063036559206e-01;-2.3784055647905156e-01;2.0399630297669757e+00;2.5073164235482150e+00
-1.4063128458726617e+00;-3.0075795871693689e+00;2.4839073738568622e+00;-4.6167974712025295e+00
1.6482600667843155e+00;-2.7906465805534468e+00;1.1307683229191712e+00;1.9873256350668322e+00
-9.7625486252875282e-01;-4.1588238438688396e-01;2.7270927951326129e+00;-4.2677771986594149e+00
1.4643943883774924e+00;2.7694515617708690e+00;-8.8954240686004571e-01;1.9820935544161919e+00
1.0017605160457510e+00;7.2333145765249229e-01;-1.9021272005810885e+00;5.0118450013109728e+00
1.4346712673145001e+00;-1.2818756457425453e+00;3.0654965989927661e+00;1.6171677533361738e+01
1.3177928658428915e+00;2.3435632121427243e+00;1.3043477423025625e+00;4.8368098871797516e+00
-2.4676101237168755e+00;-1.9620023615129383e+00;2.6403140415120996e-01;5.3578469432045761e+00
-8.7620114515411940e-01;2.8229413630786198e+00;2.9111308242982350e+00;-5.5993179436650697e+00
2.5228948189096174e+00;-2.8416912911955601e+00;-2.1964817424421348e+00;2.5408662442978427e+00
2.3423530347292933e+00;-2.6443846682505470e+00;1.6856649464658684e+00;2.8881122730574225e+00
-1.1283809372004443e+00;-2.7602584158518022e+00;1.2578815465072468e-01;6.5774441632073674e-02
3.1188282533286946e+00;-2.8427172268513385e+00;-1.0213906593071163e+00;6.3212756284437610e-01
-1.1824468370369081e+00;-6.5928010453111208e-01;2.0091015443798401e+00;1.9297268589815642e-01
-1.7551960611256088e+00;2.3335686723772922e+00;-5.7323798045234531e-01;2.6646653363283637e+00
-9.4341135363855200e-01;-3.0928366374747132e+00;-3.0650057454304362e+00;-7.9375249667492280e+00
2.2926050178071034e-02;-5.3833710594504769e-01;-1.7894569610793012e+00;1.8865235569525292e+00
-1.2934387681281283e+00;-1.6230617876008913e+00;-8.5246899638359919e-01;5.9683218054578360e+00
-1.6981126440606569e+00;1.2460623688939112e+00;1.3442761930181488e+00;4.9716035023856406e+00
2.1543689334506686e+00;1.8428164457895191e+00;8.6727939859897596e-01;7.3763980964330065e+00
7.9380951596396088e-01;-1.1603286268988575e+00;2.2999056639169506e+00;8.5934302258548048e+00
-2.4062244027638040e+00;9.2419147494391396e-03;-1.1162567217631914e-01;-6.7027283175471675e-01
-3.1149434725597742e+00;2.7214169240418942e+00;-2.7060832707923397e+00;9.9526178006597699e-01
-2.5389989439448795e+00;2.9606305118554817e+00;-4.4851984313695858e-02;-3.4004173756468492e-01
-2.5879465713648928e+00;-4.2054199201224218e-02;-1.7703846836286545e+00;-1.0299365643572089e+00
1.9128119771161911e-01;-1.3114102946584827e+00;2.1804332261491410e-01;6.7296601713110649e+00
2.5680335100951242e+00;-8.7776536387504267e-01;-1.6180667377195221e+00;5.0574750494125604e+00
-5.5649484614780764e-01;6.7167131115080236e-01;-4.8251076339720456e-01;2.1796823069768925e+00
-2.1730728441092526e+00;3.4989131324218326e-01;-2.2619832347568209e+00;-2.1587834131373365e+00
-3.2335732973736198e-01;3.2689246936095451e-01;2.1152863670922768e+00;-2.3216528537997311e-01
-1.8879115676143965e+00;6.3033359450999615e-01;2.8589905880721105e+00;-4.8662905169158588e+00
1.7358434036423986e-01;2.5368771148075542e+00;1.8759465381895906e+00;2.6491824092036724e+00
1.6167524029580367e+00;1.4207446639877297e+00;-1.9038450659019743e+00;9.1549193230685830e+00
7.3107512919245554e-01;2.7537520050575930e+00;-1.8378387032127983e+00;2.4305794542875852e+00
2.8945560343083256e+00;-2.5044285609377188e+00;3.1211192866754560e+00;5.0424995941164319e+00
-2.8318278468893796e+00;2.4545855158710284e+00;-3.1325781967422386e+00;-4.2456729800907622e-01
1.9609162143599157e+00;2.2997821409068075e-01;-1.1734885964165189e+00;1.4639973049273172e+00
-3.6400156429506225e-01;-1.2972498855512473e+00;-3.0160510906296638e+00;3.1871786140772311e+00
2.0967690262653216e-01;2.2875678521528240e+00;-2.8179857535124260e+00;5.4995825002810204e+00
-2.3742009758099685e+00;8.0331827215896023e-01;-1.8848900618884095e+00;2.0548260600660986e+00
-2.9613094842963386e+00;2.4754648930557019e+00;-1.6322640331100273e+00;2.3664138794581882e+00
3.8971803389492932e-01;2.5957459755671399e+00;3.8640403574175863e-01;2.2673329227710761e+00
1.0691674297606726e+00;-2.3769516549580381e+00;-4.4115503761659181e-02;4.2315423742974039e+00
3.7550843900839892e-01;-2.5112033622919396e+00;7.4740406693148165e-01;2.8104254502072763e+00
5.8369585145691882e-01;-2.1352673892656204e+00;5.5469035712687198e-01;5.5529860177394577e+00
6.9771325652674898e-01;1.5269220504814838e+00;1.6121640157443506e+00;8.0629989800533206e+00
-2.2808873969550625e-01;-2.2133196515408873e+00;-4.0148762339083621e-01;4.2598651355907169e+00
-8.3127135083853698e-01;1.0945035497935498e+00;-2.0078916858158005e+00;3.5889045972451630e+00
-2.1887983157767055e-01;-2.1759645639998517e+00;-3.1095044355054657e+00;2.4873242965524036e+00
-1.9535989372767446e+00;-1.3853863834115347e+00;-2.4010983606438820e+00;2.7512223802037745e+00
1.0504276195839282e+00;-3.1346484260042233e+00;9.3606684396247708e-01;9.3458738517140394e-01
1.1387666219411585e+00;-1.2851425971156989e+00;-1.6782178961759988e+00;8.0726359606876663e+00
-3.0943602217713568e+00;-3.1996968351664590e-01;-1.7234692972107237e+00;6.0366576406394445e-01
-1.8862542968864811e+00;2.6545475887454115e+00;-8.2174230206276899e-01;5.3927476067316926e-01
2.2357164307213431e+00;6.5007838944702234e-01;-2.5942817215052845e+00;6.9159618303437238e+00
-3.4244992818625253e-02;2.9901714761254876e+00;6.0079211972366586e-01;1.2459132128664287e-01
-1.7181732013274127e+00;1.3177496389691745e-01;1.2196159331884759e-01;-8.6833101336759122e-01
-1.2824244288720634e+00;3.0721337117896077e+00;-8.0290833572037590e-01;-9.6483346932227743e-01
-1.0967279980668372e+00;1.6997577240725139e+00;1.5691750459498950e+00;5.4550744305143635e+00
1.9545083933086760e+00;9.0937029008821479e-01;-2.7966608288266959e+00;1.0958672624110733e+01
-7.0679948584736518e-01;-3.0572060828439440e-01;2.5726547842625083e+00;-2.8600053111788615e+00
-1.0302852974141792e+00;1.4554328966998851e+00;-2.2136780742056184e-01;6.0495997704258677e+00
1.6240653770196900e+00;-1.3316897039974336e+00;8.8190570984606698e-01;7.6663515105827456e+00
-1.1534612205982817e+00;2.5259456365904311e+00;-2.2124379167367376e+00;-7.7007935390587856e-01
-2.2303325338857194e+00;-4.5000242740776342e-01;-2.4960742982158175e+00;-2.5335713720498272e+00
-2.6045261685882029e+00;1.0524325927575662e+00;-2.5426742719178117e+00;2.6315254843915699e+00
2.9131395726562079e+00;-1.2791582261222425e+00;2.7781970515633931e+00;7.9969551375924048e+00
1.9386944142120281e+00;2.9490067511484419e+00;2.9038467525403791e+00;7.8241382475912395e+00
-1.2528169709284240e+00;1.4908361547442128e+00;-1.1101203889053206e+00;5.8612114051193664e+00
-1.4247718794236477e+00;2.2739474810053482e+00;-1.1605906355940669e+00;2.9042767793059210e+00
2.5147882296730719e+00;2.5090465030828222e+00;2.3846868267795456e+00;4.9300535102891168e+00
-2.9796546504137322e+00;-2.8353164583143564e+00;-8.6001789413033602e-02;4.7512687391922265e-01
3.6969715884501886e-01;-2.2847518655235892e+00;-3.0959170376277032e+00;7.6791725843984349e+00
-8.6674082600877611e-01;-2.6228448737699850e-01;-1.0000666835632117e+00;-3.6785557891294984e-01
-4.7958913716509510e-01;-1.6327603765386445e+00;3.0795526786409173e+00;2.3618013266298385e+00
-5.6339240417621061e-01;-5.3090338108961799e-02;-2.1789960162439588e+00;-1.7183102382209867e+00
5.5519503705607987e-01;2.6023638281274577e+00;-2.8798730993246449e+00;5.9984175397316193e+00
-1.5578528713717303e+00;6.9481396551077435e-01;5.3986651216862880e-01;1.8609634313866066e+00
-1.2855122584022987e+00;2.9766368728490766e+00;-1.0322696311253519e+00;-8.7978709851783488e-01
-2.7539752905038251e+00;7.4109224568838705e-01;-2.8440193887944001e+00;3.3939985532013672e-01
3.0984234344263282e+00;1.8922411937087711e+00;-3.0919559179595986e+00;6.7388714731141315e+00
-2.9821080457061306e+00;1.6286461985790268e+00;-2.9164172344340273e+00;5.6689102397771460e+00
1.4237724455630660e+00;-2.6068224906529549e+00;-1.8565580089561498e+00;3.9825964932994014e+00
-1.1164209164808025e+00;-8.5688142446373128e-02;-9.3422845491986184e-01;-9.1570971680019064e-01
1.9569975283954353e+00;2.7238011253466743e-01;-1.5469495895968373e+00;1.9634573398348296e+00
6.0973916287832974e-01;1.1149069103424818e+00;-4.4413467515686955e-01;6.2180731723903460e+00
2.1954985042696267e+00;-4.2821274278925436e-01;-3.0132012736641194e+00;8.7047645166938583e+00
-8.0687689484463743e-01;-1.1852116794922607e+00;7.3450038067863321e-02;5.2877043001706294e+00
-1.1612562363568424e-01;2.9677879774738818e+00;2.1045344771769638e+00;-1.3381660221442038e-01
3.0077415542571178e+00;-7.3274231974355075e-01;3.0983138806711930e-01;3.2656647822789013e+00
1.4143731602989318e+00;1.3604718943218375e+00;1.8653104520470443e+00;8.8785055070271497e+00
3.1740404365424180e-01;2.4088865851551899e+00;-1.9791852774996317e+00;3.9228352454269597e+00
1.6820724545112489e+00;2.5716693509024680e+00;-2.5168064672382853e+00;7.0192853936678228e+00
4.3767678163566881e-01;-2.8203721062827860e+00;2.5600307837634171e+00;2.9420628846331853e+00
8.1050010911622694e-01;1.3930833681770372e+00;-1.5729074356806192e+00;7.9494134315098002e+00
1.3299104583821340e+00;2.3740714211547340e+00;-1.7912959894806983e+00;5.3458895707702112e+00
-9.1483976676550860e-01;3.1319477537195821e+00;-2.2293740279052354e-01;-7.9200947402703081e-01
-2.4803324850303134e+00;5.1999318559431496e-01;2.5979666812846443e+00;-1.6834994046255654e+00
2.2415011102246671e+00;-2.5694933821249988e-01;4.6404279477141053e-01;1.2390950986289164e+00
1.1878260123710316e-01;-1.3676110199529674e+00;1.6306230328898277e+00;6.9172496460191617e+00
-2.8908109632418642e+00;-2.1040544363019524e+00;1.1657025631228457e+00;4.8971360621707296e+00
-1.8156199130680972e+00;-2.0359604153263513e+00;6.2505523132131247e-01;4.6065089616925237e+00
1.3810073855798803e+00;-6.2012317034384257e-01;-2.4025594401255024e+00;6.6181799101165755e+00
-2.1051490926992118e+00;2.8595990434413956e+00;-5.7712809122668851e-02;-3.1855587937453989e-01
-9.4200329716809250e-03;-1.0492396543877982e+00;1.7810725393484264e+00;5.2434658527388827e+00
1.2183944447490171e+00;1.2557200231110226e+00;-3.1136491281524954e+00;1.6087665392394772e+01
1.4049091676936278e+00;-2.0892615468908158e+00;-2.0369538639396980e+00;7.9652370377337292e+00
-2.1932101772717290e+00;-2.8153684380420971e+00;2.8905814500097673e+00;-5.7657533344046250e+00
-6.7443522926805777e-02;-1.4294061829007980e+00;-1.1354603845609219e+00;6.7823973267431867e+00
-7.0346793833587995e-01;2.6143254142162817e+00;5.7070511212526931e-02;1.1254188619043612e+00
9.5300765990988356e-02;-2.9437604087772211e+00;-3.0235288237325837e+00;1.1607988346750817e+00
-8.2333618450414736e-01;-1.9381343427390441e-01;5.1421355094651933e-01;-4.7887592742072971e-01
2.7014664283096144e+00;-1.5057945030502651e+00;2.8190914178313182e+00;1.0087439603823587e+01
-9.4103998873425265e-01;9.6618160852155999e-01;-1.5662830849362372e+00;3.4435301941098295e+00
1.5904529925164139e+00;2.2696915221414837e+00;-1.5314343854991372e+00;5.6522443193870284e+00
1.8396450236221495e+00;-3.7901616924113846e-01;-7.3311814541027420e-01;1.9502606293770737e+00
1.6313715144153935e+00;2.4425096689095884e+00;3.0571216317844154e+00;1.2615693525325746e+01
8.4017932379079374e-01;-1.2709851961427330e+00;2.2599063773929160e+00;9.0767675705826445e+00
1.8781822611229453e+00;7.6531491211015323e-01;-1.1416023489816567e+00;4.4744692603036409e+00
2.4051727115235746e+00;-2.9480283772886300e+00;-1.7490494939870549e+00;1.5592078137136509e+00
1.0286242529945619e+00;-3.0423079102248645e+00;1.0039355220430890e-01;9.2537440992899522e-01
2.1053277132131587e-01;2.2573400254966316e+00;-1.6420052975190822e+00;4.5483793503606007e+00
1.7710113096983369e+00;-2.2124010964069769e+00;2.1693932594115033e+00;7.6434100930665547e+00
1.0408786852402798e+00;-9.4800345068578107e-01;2.3338571683652400e+00;8.0410794051097163e+00
-1.7386866679039072e+00;-2.0847772071437674e+00;-9.7885358089733421e-01;4.2315234177961054e+00
1.5532723869361975e+00;-1.3133347348370696e+00;1.2992436483879706e+00;7.8309055472212483e+00
-3.1232553225349164e+00;2.0306250559818597e+00;2.0950156526087804e-01;5.6029844314703157e+00
-5.4854701033398223e-01;-3.4492494145213026e-01;2.7448578345196140e+00;-2.6811345167902307e+00
2.1522435488247869e+00;2.7925166914157415e+00;-1.3390219482764860e+00;1.9232074059007733e+00
-9.5495265250582984e-01;-1.2015731795700755e+00;-1.6267839782813722e+00;4.7003252169793388e+00
1.3235507365700050e+00;-1.8954330730414353e+00;-1.2850878637631666e+00;7.5218569561793105e+00
-5.1895249449713798e-02;-2.3146339063983974e+00;9.0933723266551514e-01;3.7351704716153233e+00
-2.5905497227907519e+00;1.6110058475868616e+00;-5.0809273062165872e-02;6.4651120416962895e+00
2.5727992008562826e+00;-8.1670002152373256e-01;-1.0615150344759843e+00;4.3259743761521250e+00
-2.0379283190069986e+00;2.7619241248619941e+00;7.3578936370416104e-01;4.2442794326929503e-02
8.9885421056025816e-01;-1.0089807854512647e+00;-2.0552563905493235e+00;7.1924595895701957e+00
-2.6700655041869306e+00;-7.6895212081454600e-01;-1.6176580700736947e+00;2.6195946426910042e+00
7.5054424507408068e-02;1.7234928008871071e+00;-1.5292731223626392e+00;6.9540468440747345e+00
-1.7801759742126326e+00;6.2342035712960797e-01;-1.5134889839986387e+00;8.9447615607557773e-01
-6.5329529950308896e-01;-1.8407750019543854e+00;-3.1115822319269730e+00;1.9667062851141193e-01
-2.9737345999955953e+00;1.3724964338096930e+00;-9.5052954573029869e-02;6.5612569480032432e+00
-3.0239601218561032e+00;-3.4280571765968615e-01;1.9811998370824719e+00;4.9270964921718041e-01
1.4926974445736088e+00;-2.7788423210074407e+00;1.4074611517049531e+00;2.2695851269043139e+00
-1.8472791910709090e+00;-2.8331103088088079e+00;5.0435533733735927e-01;-3.2298050025190056e-01
1.4942162146159683e+00;3.0631969620144925e+00;1.5916617754086095e+00;1.6799263613837874e+00
-7.7637475684927493e-01;-2.1632521493300660e+00;-1.4624088298315410e+00;3.7961450184835130e+00
1.4834580306875873e+00;1.3849574299505951e-01;2.8757120752993854e+00;7.9423598129018984e+00
-2.7922326103429058e+00;-1.5120978136848580e+00;1.5332905236328545e+00;6.4444215469123129e+00
-1.6953187416026507e+00;1.2867845995412681e+00;-9.0488283534565683e-01;5.3915973459219666e+00
2.7144076159765085e+00;-2.6363118712049460e+00;-2.5245900544866080e+00;3.7374829502091531e+00
1.2350926402130158e+00;-2.6821079309372098e+00;-8.7201324674580194e-01;2.3755338193544442e+00
1.8199522766824581e+00;9.8405575112956001e-02;-2.7549573707021953e+00;6.6193005724771332e+00
1.5656785300963625e+00;1.2525970831768642e+00;1.3518315426556091e+00;7.6487840939001703e+00
-3.0020578087832410e+00;1.4525552039874308e+00;2.0479670033852200e+00;6.5188452583804075e+00
2.9802509864737603e+00;8.6158325391514179e-01;-2.4932119208303938e+00;4.8125995584934067e+00
2.5600696902389624e+00;8.2549505557121572e-01;1.1756159160874660e+00;4.4345973438923725e+00
2.5948726031097564e+00;1.2419822611390616e+00;1.1685470631890045e+00;6.8868811892178785e+00
8.3920801491949470e-01;6.8266714995932176e-02;-2.6733690905379786e+00;4.5774886833461199e+00
8.3255577388311464e-01;-7.2340824098404610e-01;1.6225672785474989e+00;4.3195068283124929e+00
-1.1407957007331504e-01;-3.6044707490941441e-01;-4.6948157817049863e-01;7.5635925183236186e-01
-2.2852502305900417e+00;-2.2956228963411296e+00;-7.5806991192901929e-01;3.1425652332135479e+00
-1.1521584870457173e+00;-1.5632634934366163e+00;-1.3412118747935826e+00;5.7903171311978916e+00
-5.6846286199401153e-01;2.5421799087908381e-01;3.0499540261462732e-01;-9.6077477008826809e-02
1.9980694533543408e-01;-1.2682846266255372e+00;-4.5215123113772870e-01;6.5780204471058275e+00
-2.7578457472268436e+00;2.1941652223402262e+00;-1.8755839813909538e+00;3.7767423641779163e+00
-7.7808193397067393e-01;2.1367648581439713e-01;8.0330992610591867e-01;-4.1637485173335115e-01
6.5655670432381630e-02;-5.2786855856375237e-01;1.5831860428781912e+00;1.8827742899032573e+00
1.2296468729122418e+00;2.4963745298228046e+00;2.5169051624988379e+00;7.2556332201987352e+00
6.7294014182162076e-01;1.9318305734382317e+00;-3.7245567112905009e-01;6.7510279714536638e+00
2.1567417441510619e+00;-1.0192935759343360e+00;-1.1467320512410446e+00;6.0554700951723825e+00
-1.2220030569960110e+00;-1.9293959563359537e+00;2.0753856935479131e+00;3.4544787252150480e+00
-1.3797392651152087e+00;-8.9644251402107189e-01;2.4719146918690020e+00;-3.7658310931383498e-01
5.1280878710643796e-01;2.7387288577808588e+00;7.9020941441811976e-01;1.5857038564788948e+00
1.3119776319866148e+00;2.8868303427922486e+00;2.7956105052532818e+00;7.3159398233976605e+00
2.4551452961376601e+00;1.2910418110898316e+00;3.8664088706716493e-01;7.1015149022658743e+00
2.2450650453728018e+00;-2.2499220812198688e+00;1.2623413730965991e+00;5.2178400041642652e+00
1.8759632812778282e+00;-1.1705801393967590e+00;1.3091916241968864e+00;7.1713848654180818e+00
-6.4503876881762956e-03;-8.6755558880942418e-01;2.2601928307471688e+00;4.0492341015716153e+00
-1.2177262612040467e+00;-2.1300893313623632e+00;1.8668566958961081e+00;2.9513199963700409e+00
8.9764905284312224e-01;1.2388126430871420e+00;-1.8815675582333031e+00;8.0182648668547465e+00
-2.2050654187743080e-01;1.6282825507817336e+00;-1.3810398960089070e+00;6.6786040406579268e+00
2.7921791027664957e+00;-2.2758193079487574e+00;9.1867974220536119e-01;4.4269381590391488e+00
1.4714570885254954e+00;-1.8050000639428361e+00;3.0391824515484682e+00;1.6107551416117403e+01
6.1532449181767923e-01;-5.1164158859961573e-01;-2.3037985959914029e+00;3.8812499237017830e+00
1.2923272071106631e+00;2.3872436656095619e-02;1.5485954374749866e-02;9.6546587980055687e-01
1.8330694019800564e-01;1.4602092108915015e+00;-2.5827323893635818e+00;7.9081001424387001e+00
1.9009330186689022e+00;-8.6390258507795448e-01;4.4431098546763792e-01;4.9969606601206333e+00
2.4792018432455718e+00;1.2716366337471996e-01;-1.7866903610293317e+00;1.3543112483741186e+00
1.1643543475990983e+00;5.3414898745033668e-01;-9.3048707521701557e-01;2.8017304748731631e+00
2.4320915809176329e+00;-1.8211259106254409e+00;-1.0959683993126803e+00;7.3158764883691436e+00
2.6739810223267186e+00;1.5575727230341512e+00;-7.5665399991140125e-01;7.4643067284610991e+00
2.3782752614870137e+00;1.8533365245391753e+00;9.4790186453096670e-01;7.2030444768014510e+00
2.9671488447568368e+00;-3.0613439767633954e+00;-4.2283190340564047e-01;2.1909746235462563e-01
-2.5381946115589011e+00;2.9866831497764146e+00;2.0732524998626127e+00;-1.4492154825011947e+00
9.3707542551963563e-01;-2.6296735134060834e+00;1.0345228400477868e+00;2.5778100216368287e+00
-7.9823082154081115e-01;2.5100256434665020e+00;-8.4339532623576741e-01;1.6877335932415967e+00
-8.5614802448133043e-01;1.4944809043076175e+00;2.8314043137018725e+00;1.3495294094105033e+00
1.7703190523290271e+00;-9.2980243923476547e-01;2.8129073137322509e+00;1.1613476161221605e+01
-1.5842707177726734e+00;5.8808382796276248e-01;1.4907838796966706e+00;6.6058418850906375e-01
4.5506163547201162e-01;1.6380981750740844e+00;2.1736580685059392e+00;8.3890219649924447e+00
1.2511797101795494e+00;2.1088464705112253e-01;-1.0510186509684143e+00;1.3719179852671954e+00
-6.0013699389061737e-01;-2.0700097076690365e+00;1.4874744972915854e+00;4.5544568686171552e+00
-1.8235273739511271e+00;-8.5004145056567459e-01;1.9578492750704752e+00;1.5603639551350807e+00
2.9792834705894293e+00;-5.0606479427813866e-01;-1.5435721387299706e+00;1.8981375949571686e+00
1.9627396137101529e+00;1.7684639627118468e+00;-1.0292823910849460e+00;7.7579311453498905e+00
-5.2238137895095749e-01;-1.6562402100945877e+00;-2.6362487867866942e+00;4.0401770032017010e+00
6.0630761370356145e-01;2.6821366740387420e+00;6.9517148308916177e-01;1.9597462227614191e+00
-1.9518361015605512e-01;1.0241821421191455e+00;1.8349728258054041e+00;4.6948377868788000e+00
2.1864140447311211e+00;2.0278824650725245e+00;2.8352068691264209e-01;6.4535067899689755e+00
1.8334672589211989e+00;-1.9861232806159885e+00;1.5928591703857951e+00;7.4477339059860137e+00
3.3420071266147655e-01;2.4941030746211155e+00;-5.5240156311247945e-01;2.8779019283178666e+00
-1.5318996476959108e+00;1.9900554615986410e+00;4.1209630824483900e-01;4.8378536499693947e+00
2.3382892240091984e+00;-5.5620919145660297e-01;1.1833855035952885e+00;2.8120574164127285e+00
-1.5477673865340742e+00;2.2918876580476963e+00;1.1584819574132759e+00;2.7691027540139568e+00
3.0416405080425140e+00;-2.7352862586591331e+00;-3.5943609839331403e-01;1.1933395053159406e+00
2.0759736708040792e+00;-1.9182649982298705e+00;2.9238074671701364e+00;1.3458514101389051e+01
-2.3817609771821200e+00;-1.9105161141172984e+00;2.2460410853345145e+00;3.7810121095244016e+00
2.2566389050248636e+00;-1.3278115321930453e+00;-2.9580678741034552e+00;1.3293951016981870e+01
1.7687851438013098e+00;-1.6055067755924695e+00;-1.2790440079376284e+00;8.2344397811094261e+00
3.0294501193220134e+00;3.0652177978893160e+00;1.6323786084140481e+00;2.3211916677837188e-01
1.0214546717173709e+00;1.4885048979213664e+00;-2.8305085747853402e+00;1.3280015298709968e+01
-2.9050654926683568e+00;3.0999896478815572e+00;-1.8114197206300546e+00;-4.7450940794669538e-01
-2.4745316305714460e+00;9.7385613594534881e-01;-3.1129338241084032e+00;-1.6400772770355303e+00
-1.7720038165473588e+00;-2.3220883902640734e+00;-2.0839518730872921e+00;9.1074132795161655e-01
-1.0827720281773821e+00;1.5379840860772944e+00;-2.1440072959398990e+00;4.2428510567236550e+00
1.0734211126807471e+00;1.3900280918586985e+00;-1.3809858237084440e+00;7.9722218875594590e+00
-1.6752803980977138e-01;-9.8105399999486975e-01;2.6827357148044486e+00;3.8044533776985410e+00
-8.3236611422615425e-01;2.4641750581505324e+00;2.9040560856379214e+00;-3.2493803388571698e+00
-2.0786736899915899e+00;-1.2463588472093232e+00;2.0173479536308738e+00;3.9677085046790146e+00
-2.0509542937020804e+00;-3.0910129911159947e+00;-2.2023297608443055e+00;-2.9555118799349565e+00
-1.1823004890596962e+00;-1.3544989312311166e+00;-2.2538247988282332e+00;3.3640306433820015e+00
-2.6876120094105564e+00;-2.3187323588543043e+00;3.3588865289723158e-01;3.3228849921136714e+00
-3.0082691587361330e+00;2.8508587271854697e+00;-2.4905714273152602e+00;-6.9193826043766560e-02
2.1860861287184106e+00;-7.5781418880287887e-01;-3.0228277444634308e+00;1.0941761994920064e+01
1.0046781845378376e+00;-1.5385395351214977e+00;-3.5885572956438416e-01;7.8381080636782086e+00
-1.1598477495218917e-01;4.5792771723749404e-02;-4.7304342327788707e-01;-1.0163578471042965e-01
2.1753622147103924e+00;-1.6691028669171784e+00;8.6802618188600356e-01;7.8020261305841210e+00
-5.9178750925122925e-01;-2.4858749077566293e+00;2.5461857384020705e+00;-3.0009477006801921e-01
1.3275167057294963e+00;2.1144938916224580e+00;2.9458351450579654e+00;1.3406247933311604e+01
-1.2279535205964782e+00;-1.3309258822173455e+00;-2.8413221603660466e+00;-4.7511413580756390e-01
-2.5451892010626986e+00;-1.8965123835912376e+00;4.5030995986522937e-01;5.7192769823030352e+00
-1.4645932684614169e+00;-2.8258007183606377e+00;-1.6689685926036522e+00;-1.0906976596088516e+00
-1.2508681469443597e+00;-3.0816460979218703e+00;1.9927602737640004e-01;-9.2428269309820210e-01
-7.7275548357156998e-01;-2.0042851523151439e+00;1.9475618054259121e+00;4.0624972035508371e+00
-1.1939001676882974e+00;1.2026660582277930e+00;-2.6372726092873311e+00;6.6568187848275251e-01
-9.1086938136077089e-01;-1.2067946716877211e+00;2.1466716015781868e+00;3.6450456140236365e+00
-2.7720296890447136e+00;1.8696956118777379e+00;-1.9600433423861243e+00;5.4986964101743689e+00
2.6469689630956346e+00;2.3744194886110668e+00;4.6725049097393612e-02;3.8471539619154749e+00
2.4037895026135478e+00;-2.1951323690219153e+00;2.6755281528993686e+00;8.7276621194084196e+00
2.4289500163146185e+00;1.0624683132561490e+00;-2.1921203525612039e+00;7.5054024143023952e+00
2.3506275540390522e+00;-1.8936866754274171e+00;1.3003189790748619e+00;7.2095151176047922e+00
-3.1405650501569644e+00;2.7736394676827958e+00;-7.3364818949570632e-01;9.0466336070886022e-01
2.1663080857991890e+00;1.5506280955849077e+00;-4.3360955348307062e-01;7.8279411588478132e+00
-1.4073381180326467e+00;1.5405505809315434e+00;1.0008649539468308e+00;5.9079190353075672e+00
-3.2840740920225819e-02;-4.9519123083591365e-01;-9.9990641618520248e-01;1.5445876531306670e+00
-1.7164284995703789e+00;-1.3198581751162832e+00;-1.6060213803484658e+00;4.9207319457495551e+00
5.4500645576505669e-01;2.7034366262523433e+00;1.5294680354045456e+00;2.0621527893535845e+00
1.1461715657595741e+00;2.8407984648224449e-01;1.7327379438139294e+00;2.2824453329906529e+00
2.6395671851707174e+00;1.8176211753583811e+00;-1.0889798169473996e-01;7.0633415409395717e+00
-1.2783175075393249e+00;5.3741086057205090e-01;3.7064282261568460e-01;8.7504915049281329e-01
-2.8521209585547544e+00;-3.0924012646834877e+00;-2.7825691306992106e+00;-1.9797484352710528e+00
-2.8350983420454914e+00;-2.3471977446168246e-01;-3.0214252816596687e+00;-2.4375793282538325e+00
8.1437819068040485e-01;-7.2787341861517918e-01;2.2070563959570801e+00;5.5512190677732551e+00
2.1768446159778891e+00;-1.3554114981145062e+00;2.6084151160178592e-01;7.5025421107230068e+00
6.6707729462076237e-01;-2.0924015203623654e+00;-2.9123045801006322e+00;1.0331399128625243e+01
-1.0036421342162667e+00;2.2576415823657925e-01;1.4729319377845727e+00;-8.8965946206523627e-01
-1.0478996931394624e+00;2.7574327850093567e+00;1.4810251661795562e+00;-2.9998140786688399e-01
-1.4886890467475344e+00;-2.6405873546829173e+00;7.4320437465176692e-02;6.1823312557167298e-01
2.1817972698384072e+00;3.0174788935278860e+00;-1.9683951682346634e+00;2.1559754522760599e+00
2.3642168703478434e+00;-1.6309884845364619e+00;-6.7519176556718197e-01;7.6906577957782023e+00
-6.2546977101772905e-01;-2.1904350429342321e+00;4.7085340300104939e-01;4.0508226453662353e+00
-1.5400510496520252e+00;5.1127626381552593e-01;2.0055223827835968e+00;-9.4067007652070322e-01
2.5795479073774903e+00;2.6864142762645224e+00;-2.0875187355817895e+00;2.8977956674674852e+00
5.0640930100177828e-01;-1.1159101765793351e+00;3.0052373948951194e+00;1.0090114075309323e+01
2.1157904297298931e+00;2.3912735487654837e+00;1.7614033586940403e+00;4.9329067567636589e+00
-1.5322402184767261e+00;2.1279785373062277e+00;1.8699710277021833e+00;2.8215150673039631e+00
9.9286460668732968e-01;2.3866733563914018e+00;8.5030934657592017e-01;4.1681610012268679e+00
1.3679473645877742e+00;-1.4633728871536957e+00;2.2919785605784693e-01;7.8992985765586825e+00
-1.4745395671057475e+00;2.4566378559359023e+00;2.6277380978119078e+00;-2.9395966715949120e+00
2.5970735468415143e+00;2.9190534892382605e+00;7.9069135581812855e-01;8.7923462470421321e-01
2.1183963075038301e+00;1.6783836044489338e+00;1.3170979590703578e+00;8.0299945149371563e+00
-9.1727552185488515e-01;-1.0749989557636752e-01;-2.2473736342876744e+00;-2.7386838067146329e+00
-1.0303267463301089e+00;2.7101972919110509e+00;-8.6000371977153511e-01;3.1950787196943914e-01
-2.0624461176875690e+00;1.9574278560479952e+00;-7.9839743777439098e-01;5.0873483622615430e+00
-6.0369292313030964e-01;6.1171543799097483e-01;8.4892048144019228e-01;1.7113538579820249e+00
1.2535373568174570e+00;1.9615401784908206e+00;2.5247197765241927e+00;1.0794911538029487e+01
3.0919106286325535e+00;-1.4656067941353164e+00;-1.8728031745556379e+00;7.0335856525252245e+00
-7.5012828507685647e-02;-1.8695492548014729e+00;-2.5785914579181961e+00;5.9873240627922204e+00
-1.0655895166911122e+00;2.8111552504919395e+00;2.2853496284861405e+00;-2.5251862820983852e+00
2.8148730009058553e+00;-1.5879356379098066e+00;2.3410382390318514e+00;8.2828331566854612e+00
-2.9544584646315730e+00;2.3281807929309988e+00;-1.2675071986556212e+00;3.4619299740084717e+00
2.1028350453811884e-01;6.4939797842994684e-01;1.3948342194762215e+00;2.8474428406916386e+00
2.3032018742135225e+00;1.9010809192043414e+00;-3.0798357709762567e+00;1.3697393633668252e+01
-2.5774098951381146e+00;2.6915682601363535e+00;1.9259437979182668e+00;5.4065842756833127e-02
-2.1983927365383504e-01;-1.8703384773464471e-01;-2.1532371029531392e+00;-4.4482296251381870e-01
-9.5291900051747458e-01;-1.9532236138586556e+00;-2.0041986132990406e+00;3.8949188014962282e+00
1.0407550626679329e+00;1.4321313615053617e+00;1.4382738285606518e+00;8.0982575037150557e+00
-3.3418037434217007e-01;2.6693462225892715e+00;2.9832384314188767e+00;-1.4774133859361973e+00
-2.2766093408399346e-01;-9.0424955811435748e-01;1.2055484248120942e+00;4.0507751552136817e+00
1.9923156432465170e+00;1.4787064215150405e+00;3.0848071416427256e+00;1.6116122527790974e+01
-2.6948827873541252e+00;1.3122397446461642e+00;-1.8298993692746417e+00;5.6259865366286697e+00
-4.1235896590050825e-01;-2.4930268143346557e+00;1.7378495075194342e+00;1.7877639432984584e+00
7.3180549378905013e-01;2.2036461288583018e+00;1.1654864885907177e+00;5.3428576985690457e+00
-1.4030106879311606e+00;-2.2014037189166715e+00;-4.0806329198105340e-01;3.5776195558274688e+00
-7.2281751983001463e-01;7.9650773627487848e-02;2.6878852594179623e+00;-4.0699964113526166e+00
1.9878193047325681e+00;-3.0072555736098630e+00;-2.3087449915275879e+00;3.6375839605807094e+00
-5.6349668919767781e-01;-6.5744905442031776e-01;-2.4499940572517289e+00;1.5544577586807407e-01
-2.4479880318925695e+00;-1.9606302289728463e+00;2.8920146521150869e+00;8.7756017351886673e-01
-8.2836091082679619e-01;1.0148293701710305e+00;2.6695620682984575e+00;5.7125153601154510e-01
3.0739256325258424e-03;5.7615442778979453e-02;3.1252627346623099e+00;5.5610048149915214e-02
-1.4312560486962178e+00;-3.1129297217498557e+00;-1.6191747076296892e-02;-9.8453067852329856e-01
2.4358734872708743e+00;8.5387487631101022e-01;2.8313600151802971e+00;8.7945859452239841e+00
-2.5677294280815754e-01;-1.7753791271090547e+00;-3.1087413912664306e+00;4.0851794083426167e+00
1.5400957357544076e+00;1.3137069325289961e+00;2.3458604553058731e+00;1.0573909232271797e+01
2.8414833008093234e+00;3.1079842007151859e-01;9.4497889676275548e-01;9.7387485077540581e-01
1.8531822103043440e+00;2.6584756756141719e+00;-1.2612923466774995e+00;2.7140453716529764e+00
-2.6638905890913289e-01;-2.9277522559345770e+00;1.4029427655540081e+00;-4.9987917041679555e-02
2.6199091653503173e+00;-1.8976532407949978e+00;7.4229599342365304e-01;6.7918778884792683e+00
2.1695466827945209e-01;1.9049247606546729e+00;-1.4635592345488730e+00;6.5611807739919543e+00
3.0849446401024547e+00;1.6648101172943210e+00;-2.9381618527746554e+00;7.4168740588490847e+00
1.1934523235838412e+00;-1.6212204807288337e+00;9.2438511919253497e-01;7.9797415275560244e+00
-2.9574392558981875e+00;-2.6712885032754996e+00;2.5773561801871789e+00;4.4633114884259018e-01
2.4216349789149385e+00;-6.9536401603997344e-01;2.6945342277413076e+00;7.0082975939217329e+00
1.0409412775648823e+00;1.0997204007426964e+00;-2.1723469346508675e+00;8.3426706802446553e+00
1.8386210733500663e+00;2.8920263809163140e+00;2.2740776017622357e+00;3.9703788067839096e+00
1.5555777467381002e+00;1.3613277669404908e+00;-1.2966994475847793e+00;7.9798983500734737e+00
1.8593369169814027e+00;5.9260880958100648e-01;2.2030263808236548e+00;5.4004278061137594e+00
1.4538236008348138e-01;1.0886000128744868e+00;2.3636470785532522e+00;6.0917569124041391e+00
-6.5135684330188592e-01;-3.0380537858021786e+00;1.1634839771797489e+00;-6.4258934758323616e-01
8.1876336425495699e-01;2.9303070843728811e+00;6.5779774090045873e-02;1.0381716772988794e+00
-4.8324300426587063e-01;1.8249034859308111e-01;1.2871493076294138e+00;-3.6165004884061824e-01
1.7425270332172316e+00;3.0937055559249789e+00;3.5936788426240707e-01;1.0029737553987841e+00
1.3776549309135673e+00;2.2894217855244214e+00;-1.1695122145465415e+00;5.1310248973537309e+00
5.2103223150080247e-01;1.6879461969550773e+00;5.8122422076670244e-01;7.4078264868760035e+00
4.3928932934304132e-01;2.4010420602769527e+00;1.5431705227923960e+00;3.8529675303302371e+00
2.0968056057903697e+00;-1.8786557077398036e+00;1.4334668395412367e+00;7.5872257534769059e+00
1.4856531244778770e+00;2.4078117620938917e+00;-1.0525515177179035e+00;4.2579898569521886e+00
1.3117952020855075e+00;-3.0251988661405331e+00;-3.4573546456864435e-01;1.0624325656983686e+00
2.7809424505718594e+00;2.0864744887045719e+00;2.1633964059914907e+00;6.4236688457809743e+00
-3.5211470550237456e-01;1.3281169930707426e+00;2.9034430719023980e+00;3.7999925969588433e+00
-7.0964304942207646e-01;-4.8130889756825823e-01;1.2753861826298225e+00;6.7623510699345302e-01
2.5788308541479781e+00;2.4294732458345347e-01;-1.1008690397691718e+00;1.0169832681165738e+00
2.6217974809328055e+00;-1.1065456551351982e+00;2.5938729173610993e+00;8.3418139785502312e+00
9.4167526239980681e-01;2.5394911161265137e+00;-2.5227486314279184e+00;6.3289307157436552e+00
7.0506879041902781e-01;-1.1140014598694208e+00;5.4249365015841899e-01;6.2918763563088120e+00
-1.2852599955750215e+00;-5.9484870307241389e-01;-6.4247826718706635e-01;1.2223478558696543e+00
1.5054328690137275e+00;-1.9147812550372632e+00;1.7685558407309738e+00;8.1779607459287753e+00
1.8960792290395601e+00;-2.7995530127358226e-02;6.8817172129297877e-01;9.7429689436976519e-01
-1.7749709202779533e+00;9.3192987225032908e-01;1.2039559696399786e+00;3.3261299555706549e+00
4.9650843060569239e-01;4.6929175495133624e-01;-1.9164312283054401e+00;2.5506487216038543e+00
-2.2619825574524821e-01;-7.4886813998708313e-01;-2.8963377843448468e+00;1.4419913253824361e+00
-3.0727185232357486e+00;-2.2665041783830824e+00;-2.9712694353883378e+00;3.5192606719565065e+00
1.5435504762795249e+00;-2.8092277485080728e+00;-6.5877463515203205e-01;1.7636638992195746e+00
2.3617895763175278e-01;2.1779728437489467e+00;-1.7102892716136415e+00;5.1554957036082660e+00
-1.4634328117882722e+00;-1.5630062283694865e+00;1.1682365220906377e+00;5.8201441085574448e+00
1.1629900680553487e+00;-2.1534756191182822e+00;-8.9376166410610836e-01;5.8570436318016883e+00
-2.7296844231586039e+00;-9.4967851592452579e-02;-2.4031415617690413e+00;-1.6726785368782162e+00
-2.0226748080741350e+00;2.4968182210279242e+00;2.4706142142844891e+00;-1.7229057540165074e+00
-1.0252709443873176e+00;1.3532294555840165e+00;2.2573440659868034e+00;3.5993486938168378e+00
-1.5578132350499638e+00;-4.1749335136616939e-01;1.1904003293976899e+00;-4.9859091305825387e-02
-5.2193964110707336e-01;1.0022701566595282e+00;-4.2179548094974706e-01;4.4708080654495896e+00
6.2791770338144115e-01;1.2623018897375493e+00;3.0239897768672490e+00;1.1854620069514736e+01
-3.6466004662498941e-01;-2.6398944737412924e+00;1.5167113277357478e+00;1.0735979076147282e+00
1.8345451914523023e+00;-2.3480603816703796e+00;-2.1560806432664981e+00;6.6086522152866465e+00
-6.8295163338528031e-01;6.6222189859575886e-01;-2.7416887164813684e+00;-1.5504548233912363e+00
-2.9603454373293094e+00;9.5828630109270829e-01;-2.4482221137433404e+00;3.8584072310063875e+00
4.1269932827034195e-01;1.0037668522960486e-01;-2.6198420857112898e+00;2.3608245521740656e+00
2.9430570016616198e+00;1.3352304401876367e+00;-2.3986430807823922e-02;6.8159270007771626e+00
1.4290171326781387e-01;-4.0157045963519966e-01;-4.0616646637996556e-01;1.2122280218561017e+00
-2.6859017012368231e+00;-2.2116520154297175e+00;-2.4746616982545273e+00;2.4072479158446534e+00
2.9140525066686367e+00;-1.8166747275035615e+00;-2.4381733487989088e+00;7.6080390538534655e+00
-2.9684805422825922e+00;-7.7312846917227196e-01;-1.0500435829303227e+00;3.2209315632934654e+00
3.0630124583151641e+00;2.3337361007561208e-01;1.3787407587262113e+00;4.8123676782263974e-01
-2.0462878075223507e+00;1.2358442088981567e+00;2.8038748727354008e+00;-1.4050563937087102e-01
-1.4177963688293389e+00;-3.1219243193245427e+00;2.9948775799458476e+00;-8.9364531639483911e+00
-7.9937037197682592e-01;4.2786188411826176e-01;-1.8219754877304524e+00;-3.0179196543488551e-01
3.0854513457742492e+00;4.1491325363042542e-01;-1.6767943312383424e+00;1.2379567691240734e+00
-1.0072306038109735e-01;-2.0737023918477289e+00;1.6103460320564826e+00;5.2057364246953597e+00
-1.9918251495615058e-01;-2.6772902148811752e+00;1.7274047151542771e+00;1.0296225867858579e+00
-6.4298526036786541e-02;-1.0536611337133546e+00;-1.7025694512064662e+00;5.1707908815788164e+00
4.2173854115485776e-01;-1.6891150495569482e+00;2.8812389365852784e+00;1.0132846940836574e+01
1.6237792276591616e+00;-1.8349897453784976e+00;-1.8514252889179827e-01;7.5213891589170609e+00
-9.8282299287421093e-01;-1.5436023968476860e+00;-7.3428187218883556e-01;6.1385696582559923e+00
2.4800269661951724e+00;1.7811349747820318e+00;3.9194552252566028e-01;7.3106467706323626e+00
2.7972739705167289e+00;2.6678912420323702e+00;7.0311231765878013e-01;1.8025272554369467e+00
5.5670218495914225e-01;2.8060311281428385e-01;5.2015793998448379e-01;1.0691091234318755e+00
-3.0586501364117109e+00;2.6613349129483366e+00;1.4925380631558447e+00;1.3701976830507352e+00
-2.1824878472573896e+00;1.5394746785366094e+00;2.8202562467848660e+00;9.9520192489044845e-01
1.8234232344755927e+00;2.0587033732118591e+00;-2.2462650922097849e-01;6.4302348278906365e+00
-7.1269217259182627e-01;1.3474437909964712e+00;-6.6631156623200738e-01;5.9898023112902630e+00
2.6954865959357370e+00;2.7169111456302444e+00;1.6530918137050907e+00;1.9420396111973381e+00
-2.3832610849408957e+00;-2.8767175392793827e+00;4.9164825996943939e-01;-2.1199586842974102e-01
-2.4874153622373778e+00;-2.6848008648536403e-01;-9.8728297031390078e-02;-1.1594897332643771e-01
2.9762724025896308e+00;9.2384929412862604e-01;-1.1120761236693277e+00;4.6465585734726256e+00
-1.8132651217882083e+00;2.1226705829141084e+00;-2.8377599723472402e+00;-2.1900607696393308e+00
3.1012244245525844e+00;4.8177677687941811e-01;2.3638554847978499e+00;1.6692487319104334e+00
6.9488941129512671e-01;1.8977434480925632e+00;2.3281022802258891e+00;8.7993382434213636e+00
-1.0312173460991354e+00;-1.2090404512645443e+00;-1.6848586848373126e+00;4.5739157365444711e+00
5.7590500146292811e-01;4.6075482656403954e-01;-1.7991101921448389e+00;2.4989931309053719e+00
1.8545130381709942e+00;-1.4598386013017044e+00;-2.4386658360808688e+00;1.1269587723991414e+01
2.9713690039942788e+00;1.4933651185746779e+00;2.4229913076192924e+00;7.7114032625614204e+00
-1.4322114478520038e+00;2.5589252343911939e+00;1.9531685323873091e+00;-3.1233086716308578e-01
1.1476162875220579e+00;1.8299099873502005e+00;-1.4319053209625985e+00;7.8355434873053875e+00
-2.7104327340351944e+00;9.7592149407407103e-01;-3.3585576750603208e-01;4.3831663207864722e+00
2.9019186556254342e+00;1.8140723831085266e+00;-2.8895337180925433e+00;8.4860903232053975e+00
1.2938646101053752e-01;4.3509168879027671e-01;-1.2590615616896450e-02;1.3726234420739072e+00
1.1229357173553929e+00;-2.2325737730485886e+00;-1.5282900670332857e+00;5.7496639005238510e+00
-1.3087594253850603e+00;-3.8428734943597442e-01;3.6988375169964893e-02;1.7977994795512233e-02
-1.9394382006496880e-01;-1.2141284891079118e+00;5.7988741319486081e-01;5.9517321404479553e+00
5.9214885483626301e-02;2.9644617274184464e+00;2.9904648740151689e+00;7.4981542907813536e-01
2.1487525043812088e+00;-2.0633119603640528e+00;6.3647605981446365e-02;6.2725120507396142e+00
-2.4048305766026701e-01;-1.6154504439886785e+00;2.2129396225621134e+00;6.1767052849986914e+00
-2.8067633194866430e+00;-6.2978314270884805e-01;2.6140876942565345e+00;5.6511651993151335e-01
2.2737996841403740e-01;-2.6569502065211421e+00;6.6088103433086864e-01;1.7491135507683910e+00
-1.3957061180853283e+00;-3.0836941037177312e+00;3.0541366611397445e+00;-9.5289383487509784e+00
-2.3682214268423936e+00;3.3214264889167344e-01;1.5110227809994496e+00;-3.1845493293371513e-01
2.7204068043820175e+00;7.4080612137105994e-01;9.5036706251527026e-01;3.6304642927283313e+00
-6.8744908121930015e-01;-2.4764171342743468e-01;-1.8851691178791730e+00;-1.0154420538292197e+00
1.9836505922430980e+00;1.9204844902338918e+00;-8.1891562830282849e-01;7.1355275135341678e+00
-1.7832438213494870e+00;-1.9242428460676122e+00;-3.8971073944307166e-01;5.1815695124103840e+00
-3.0256838225619482e+00;-2.8142114351983438e+00;-1.9017818679911158e+00;4.5689464312744388e-01
-1.8977333165249888e+00;-1.3164612130447819e+00;-2.3355184126837387e+00;2.7921292993958935e+00
-1.9157936303595717e+00;-1.8022620721575648e+00;-9.0127319046445376e-01;5.6284447549965506e+00
-3.9860305972631860e-01;-2.5947691305332867e+00;-1.5485722678063347e+00;1.2812928170449611e+00
-2.1523954651776025e+00;-1.1942255921456237e+00;9.5523270871895871e-01;5.1482476084299336e+00
2.7054022814405387e+00;-2.5243044638828454e+00;-1.0519768428922132e+00;2.8195076276731283e+00
-1.1916142886064123e+00;-1.5634978770084240e-01;1.6714491770419668e+00;-1.4842996924482987e+00
1.4183494726644748e+00;-2.2224767823579401e+00;5.9332119290224083e-01;5.4255573739473215e+00
-5.8653295780549053e-01;-3.1294677064585410e+00;1.1425355116382478e+00;-6.4676217799577540e-01
-2.4998619827119475e+00;-1.1607693326097197e+00;-2.7735968686297827e+00;1.7466539887508312e+00
2.2824995861939010e+00;-8.0918202971589537e-01;2.4028484802221124e+00;6.9479990256139299e+00
-8.3429346175150787e-01;-1.6212107986687805e+00;9.4882614997713333e-02;6.2413956166917748e+00
-3.0588458879664335e+00;2.1623798116382460e+00;-2.0247581700325101e-01;4.7403152580120995e+00
-1.8919810970396651e+00;-2.2951381024387132e+00;9.9023258416933491e-01;2.8862382626505272e+00
-7.9691655024698305e-01;-2.2048246195087442e+00;-1.6404168770069745e+00;3.3103717916087594e+00
-1.3529105219173887e+00;-1.4479395476621593e+00;2.0866554914381457e+00;4.0674957030881780e+00
3.1013389266693157e+00;2.9856927194295606e+00;3.9090104866794029e-01;2.0909645182211500e-01
-1.6862439469085684e+00;-1.8043129678962311e-01;-9.8421847732177792e-01;-8.6112807070039632e-01
-1.0094392886430419e+00;-1.4872028626754428e+00;2.2681222832689096e+00;3.8643455268220754e+00
5.0236843982292889e-02;2.7980307102364916e+00;-1.2426541824598516e+00;8.5643224378499549e-01
9.3378895063477696e-01;-6.0676656206609492e-01;-3.1136218905293025e+00;1.0635234891163554e+01
1.5976963152469743e+00;-2.7208237514709399e+00;2.8389613299850094e+00;8.6610576125768048e+00
2.8819540585475361e+00;-2.7899152491665862e+00;-2.1605756658143696e+00;1.6468070724862061e+00
2.0478468900275022e+00;-2.2712199458784026e+00;2.2217740574476323e+00;7.1449530821638056e+00
-1.6032354925318166e+00;3.2068899620938973e-01;-5.9471302837312168e-01;-3.1642875353684591e-01
-4.5151763403200729e-01;-9.5689753872936656e-01;-2.1415450305688997e+00;3.3230104579544411e+00
2.8987061506898737e+00;-1.0659322278022696e+00;2.5934544850028018e+00;6.6908496667718049e+00
1.0352504872916723e-01;-1.8922688145050688e+00;-1.2541851011841334e+00;6.4300768049393078e+00
-1.8012294516988678e+00;-2.6306235012142469e+00;7.0552359730080338e-01;6.7631386257834503e-01
1.4846080836484532e-02;-2.9555457382822721e+00;-2.8762209599754813e+00;3.5595497088856143e-01
5.7788029881517655e-01;1.2106097867255725e+00;1.9491211554281360e+00;7.4651083354447660e+00
2.5475260180386909e+00;-1.2105234408487362e+00;-1.1002852182128207e+00;6.7718315588968760e+00
-2.4270959628795357e+00;2.3313980397733154e+00;-2.0670049975262375e+00;1.8221743784629321e+00
5.0264763703825599e-01;-1.8806442871735738e+00;-2.4464573650258292e+00;8.5566587607545408e+00
-2.4990891745507566e+00;1.7482036458637262e-01;8.6960932414784420e-01;-4.2170355395770975e-01
1.0988121485112154e+00;2.8264623128670161e+00;-9.3857508785341714e-02;1.5631161822967794e+00
1.4606757891993034e+00;3.6661071116974764e-01;7.5320080291421432e-01;1.9253541942481323e+00
2.8595753654139857e+00;-2.6195872067589634e+00;-3.4743518952742347e-01;2.0190491775454311e+00
-4.3093888440831574e-01;-1.8047510201383998e-01;1.1008229816677719e+00;-2.5353208237281866e-01
7.7028123808969307e-01;1.4732976275008847e+00;-1.1515099015333923e+00;7.7524363994483538e+00
2.1497579760347589e+00;2.2795633615418396e+00;-1.9508842192254956e+00;6.0838122331040605e+00
-2.0612020416223298e+00;1.4834542924104497e+00;2.6975978218653873e+00;1.3931914871868196e+00
-2.7150007333194091e+00;-2.4129509403318083e-01;-2.4045894455037713e+00;-1.3973782039500164e+00
1.0683199681269437e+00;2.7704983053657646e+00;1.3912503324792231e+00;2.1252612306550116e+00
-2.2886998057503276e+00;-3.1314624929078376e+00;1.2375230448919874e+00;-9.2911901094743077e-01
1.1798014560099341e+00;-9.7513141273335258e-01;2.0918849491973264e+00;7.4914216785964678e+00
-4.3488778590679855e-01;3.5444603483405235e-01;-2.3735813492346645e+00;-9.1536427050723268e-01
1.0484167849197732e+00;8.3004907188304999e-01;-1.6896627090759222e+00;5.3851515601823650e+00
2.3299455976690995e+00;-2.4422997552937558e+00;2.3150746705826233e+00;5.7094338408339294e+00
-4.2491183745645777e-01;2.5932080867601579e+00;-1.9927300257189906e+00;8.4005704301151074e-01
1.5579783072497122e+00;-1.1231203006371517e+00;-6.8562536694528076e-01;6.7103681184514388e+00
2.4659942194170075e+00;2.7636166828449555e+00;7.8268772362494632e-01;1.6021670049391925e+00
-2.1097178101818765e+00;-1.4753112982827372e+00;1.0638005380879081e+00;5.9681932704334857e+00
1.4485073655458391e+00;1.3823261279198462e+00;-2.6526116211893442e+00;1.2660860839928894e+01
-1.8049316639289541e+00;-2.2659266495076218e+00;-2.7097122210321842e+00;-2.0884574538722447e+00
-3.0002674791116837e+00;2.3733098736942715e+00;9.7688297286939552e-01;3.2265329805491891e+00
-1.0730892899816107e+00;2.3824958936908889e+00;-3.7765021065570537e-01;2.4355082447113250e+00
3.0196571751971195e+00;-2.5322696401438467e+00;6.7882242188441166e-01;2.4170069542075510e+00
-2.0893157923617727e+00;-8.8366923404671560e-02;3.1055223321532885e+00;-8.8926217009307678e+00
-6.6235820715669025e-01;1.5457347664833216e+00;-2.2700180247577593e+00;4.7476612211979985e+00
-1.0502794233492363e+00;2.0173068948310791e+00;1.5654891548507832e+00;4.3060773094852856e+00
-5.5954323709493847e-01;-9.4614304471855482e-01;2.5933017404736027e+00;1.6744070207333821e+00
-3.1107295987432231e+00;-6.5733972154671250e-03;-2.2784121013130560e+00;-1.1371274337342169e-01
2.4566605591541029e+00;3.4394380386355516e-01;1.6776292713740260e+00;1.9296624537268192e+00
1.1043474095372163e-01;3.0045744758133646e+00;2.8136949523188903e+00;9.3157341644731517e-01
2.8402666564082928e+00;6.6562189962055518e-01;-6.1514334531651915e-01;2.9705984920961361e+00
-1.9200898703966578e+00;1.3596693854272388e+00;1.2997211849102666e+00;5.4848385933380470e+00
-2.1151483249984038e-01;-8.1642958733802118e-01;-2.4433645387752625e+00;2.7588823675608984e+00
-6.1188191012240445e-01;-9.8195167244357817e-01;-2.4016235300907125e+00;2.3553890387313565e+00
-1.5225235174171972e+00;2.5629610546759567e+00;-4.7423068346885433e-01;1.0896480450364112e+00
-1.7858339796825053e+00;-1.6055024807810165e+00;-2.1544929961033090e+00;3.9095610159234195e+00
-1.2463990965993677e+00;1.4630168711040588e+00;-3.0274894461767490e+00;-1.9916648270457529e+00
2.9698749311160881e+00;-3.5310350175937533e-01;2.5790196791232338e+00;1.7639315631932186e+00
-5.7580146438970692e-01;-1.2178361464998533e-01;-2.8210486711168157e+00;-3.8898254564817361e+00
2.6997658401747300e+00;-1.6730345239600546e+00;-2.7394383119872745e+00;9.7627815594392011e+00
1.4399357891726305e-01;-2.8827912044269763e+00;-2.8150947768235848e+00;1.5031531614427958e+00
-5.3538938165829864e-01;-2.3780123058900777e+00;-2.3190562892131137e+00;1.3615596156730634e+00
3.1105388162721841e+00;-6.7799415508863525e-01;9.8152496394621735e-01;2.7878710464497227e+00
-1.3724799196055117e+00;5.7979383091028236e-01;-2.1555062013613968e-01;1.1203773425269881e+00
1.7647035575696588e+00;-1.5334885756031462e+00;2.9394198582602762e+00;1.5296898801627162e+01
-2.6508693496138891e-01;1.4285095219990565e+00;2.1241809590297320e+00;6.0638382165396649e+00
-1.5697876299139930e+00;-2.5093345867557417e+00;-1.3541182118302399e+00;1.1084794035687100e+00
-1.5391856437930849e+00;-9.1782157079454585e-01;1.7750657867593000e-01;3.4165653416832162e+00
-2.1037279207023309e+00;2.9303719450445653e-01;-2.6805757528557579e+00;-4.7243421992044698e+00
-2.6686111023174703e+00;1.1344946411744647e+00;-5.6646359215670872e-01;5.2896878620462306e+00
-3.0130727721819683e+00;-7.2110943087464774e-01;-7.2124803475435861e-01;2.9195831782588164e+00
1.2732096752578599e+00;-5.2764584797786362e-01;2.7409857503446533e+00;8.1270650541234595e+00
1.8657388988526504e+00;5.7624178138037818e-01;1.1705867623911104e+00;3.2147083714597469e+00
8.5633044197579444e-01;-5.4617512016273251e-01;1.0763109979052432e-01;2.6440523786346950e+00
1.8827844092283401e+00;-2.0265805255639924e+00;4.0060742772992342e-01;6.5979500442027383e+00
4.1327568091012479e-01;1.2341009345030534e+00;1.3604389945144453e+00;6.7751712926620424e+00
-1.4621379508246326e+00;5.6984938730721435e-01;1.8824940383091064e+00;-2.0507517149707999e-01
-1.8318105355988576e+00;2.5873239288887477e+00;-2.8082704146901749e-01;9.7237170940626227e-01
2.5835897930889971e+00;-2.5209649297376293e+00;-1.1494591983281239e+00;2.9892973778259542e+00
4.8556838007755898e-01;1.4980892105008845e+00;-7.3465159844341699e-01;7.4433668343517603e+00
-1.9454233341625005e+00;7.9763397697062288e-01;-2.2135962904631459e+00;4.2051352407073006e-01
2.9827960663107103e+00;2.5200581778079751e+00;-2.2134111337256588e+00;2.9110519273971232e+00
-1.7222160435327987e+00;-2.9669401117210148e+00;1.6367088040456812e+00;-1.4865900848630833e+00
2.8713242582724288e+00;8.0056256854069563e-01;-2.3202623236800148e+00;4.6469510010494544e+00
-2.3678909987169012e+00;-1.4609101144641092e+00;1.9470767961566526e-01;6.2169264530088819e+00
-1.2389412267827635e+00;2.4457202999776770e+00;3.0709112320654075e+00;-6.4769732258550334e+00
1.1440153688759782e+00;-2.7598586866135189e+00;-2.9074037084902851e+00;8.3861552594118258e+00
-8.9386711291044429e-01;-1.0167811931981463e+00;7.0934426506884751e-01;4.2632520245394607e+00
2.3762442989370918e+00;2.7941901380599425e+00;-1.4652193575332502e+00;1.8234723153457928e+00
-5.7812762246073657e-01;-1.6336952938205351e+00;-2.4487606875056791e+00;4.4609822896660969e+00
2.2146382793671364e+00;-4.2606389529913402e-01;-2.9824986308206283e+00;8.3239423353559836e+00
2.6654387117797764e+00;2.5669900977544255e+00;1.4352852498990609e+00;2.7206390852809514e+00
-8.9023691447814235e-01;-4.3138147231321566e-01;-2.1178648868574053e+00;-1.1170571055972984e+00
-2.0890158950819240e+00;9.8810272288244594e-01;2.4705483513856796e-01;4.0113555319349512e+00
2.1897005007861905e+00;2.5676998077252016e+00;-2.7849192361021071e+00;7.7772107936003216e+00
-4.6631631936084217e-01;2.7699639243068859e+00;-6.3900086538826972e-01;4.6596637760934262e-01
9.7498879006063888e-01;-9.2041104046850908e-01;1.2518659686744540e+00;5.4646259290590713e+00
3.0237296949656569e+00;9.4853664272682270e-01;1.9052043465082900e+00;4.8943362351099697e+00
1.5926735838544035e+00;-1.5395852956569562e+00;-2.3945324857626620e+00;1.1279787283991830e+01
2.3512789810261419e+00;2.4855546011560099e+00;2.4873965571766465e-02;3.3151215221382082e+00
4.0189560440045069e-01;2.3538598765646608e+00;-3.7044474957514550e-01;3.9082424796760211e+00
8.2538314919355393e-01;-7.1106497736902474e-01;2.7329599613297217e-01;3.7167999288083937e+00
2.2568803959690706e+00;-9.4473644925304523e-02;-1.1384422069929769e+00;9.6599151198666022e-01
1.0375323716370195e+00;7.7839449312561459e-01;-1.0743490979525214e+00;4.4268543185109692e+00
-1.9629439036691314e+00;-2.0727211781827792e+00;7.3174895494825964e-01;4.4291207567965385e+00
1.8084324529806270e+00;2.7005357299318042e+00;-2.1526780255401077e+00;4.3346435324394275e+00
-1.0628451179792693e+00;-2.0979833496519644e+00;2.8749055651083051e+00;-1.6142158210543700e+00
1.0536920100224156e+00;-5.1523048034265662e-01;-2.6714803106595757e+00;6.9962330976873144e+00
-2.6232278573702139e-02;-1.1556024704128391e+00;2.5095742229695119e+00;5.7307976874570858e+00
1.5178469461406747e+00;-3.0794022727696806e+00;-3.1237210810178206e-01;1.0265879074503976e+00
2.0671168480360489e+00;3.0313148073628096e+00;2.2999406754801814e+00;3.4246263519886062e+00
-1.5000539264729316e+00;-2.8106218369047165e+00;2.3976753173022862e+00;-3.5549576545352481e+00
-8.7102371795689137e-02;3.1276013457790999e+00;1.7497695326927252e+00;-1.6716833579622997e-01
-1.3848804748635810e+00;-3.1404646309241948e+00;2.4235967532994218e-01;-9.8309753578209591e-01
-5.5511417525352602e-02;3.0794944138208615e+00;-2.1688737525285684e+00;-1.5129540591319787e-01
-2.4126359803820310e+00;-5.4747434932951577e-01;1.4881204967826411e+00;9.0393305699317272e-01
-1.4224649017250073e+00;1.1340987949683523e+00;-1.1242226193069014e+00;4.6007942658221488e+00
2.5096344789745784e+00;-8.5897936237237582e-01;-1.4211643899558046e-01;4.6039612685564935e+00
2.6633769526048177e+00;2.0622831635387371e+00;2.4604129153302736e+00;7.5875768581877230e+00
2.8485986225785096e+00;-1.0351943621713233e+00;-2.5047081609260688e+00;6.6022830196702849e+00
1.6920398322222363e+00;3.4826532276893873e-01;5.8991747803064554e-01;1.8199265872437129e+00
-2.2775311114237446e+00;-1.3547696452464577e+00;2.7688924633576137e+00;1.4478071107510537e+00
-1.6615337566400878e-02;-2.8796822560630129e+00;-2.8043939345640481e+00;3.4992011383983379e-01
2.5335684004113181e+00;-3.5291965804572589e-01;-9.6371012515226795e-01;1.4567841652227218e+00
-2.8518062209446136e+00;-1.3661340241549524e-01;-1.0307612981528225e-01;-1.5591895979831907e-01
8.0346650996710611e-01;-2.3090721875720863e+00;-2.1469304475171693e+00;6.0783331642090275e+00
-3.6786781968142890e-02;4.4476053202256782e-02;2.9142881392009610e+00;-2.8823255970062039e-01
-2.0934399947441733e+00;2.0383811181484566e+00;-3.0900656946159581e+00;-3.1888632461114117e+00
-2.1004161720562764e+00;-1.5167905212795274e-01;1.2545763040404587e+00;-9.1698027132024040e-01
2.5404912065412484e+00;1.3601484553200258e+00;1.2394476063763609e+00;7.3929808621348228e+00
-3.1064243031025978e+00;-2.8762380441064366e+00;-2.8248836202834200e+00;2.2236430434746923e-01
-2.3224550745971362e-01;-1.7024889682910509e+00;2.1211681830063620e+00;6.1831891942923374e+00
2.9986492453954998e+00;2.1231393515552490e+00;-2.8025468359366008e+00;6.0942206813070410e+00
-2.1264536238219902e+00;-2.1409955871158530e+00;2.7934213935982459e+00;-1.0621724804519825e+00
2.1638171463799436e+00;-1.4269845796916407e+00;2.7949471391326268e+00;1.2745858837032603e+01
2.7469230923723407e+00;1.9288173822787318e+00;1.6641631955114642e+00;6.8198427734664113e+00
9.0656247177954352e-01;-1.6991501897070274e+00;-2.3435854708998587e+00;1.0047966689651116e+01
-1.6725046406052468e+00;-6.2647939377981787e-01;-2.3576777382258074e-01;1.4110644465292435e+00
2.9643808626576673e-01;-3.1112766089515280e+00;-2.1423911716522506e+00;9.1393594099516040e-01
-2.2349548464722480e-01;-1.7612314167081036e+00;-6.8827357416167034e-01;6.5225819529734927e+00
1.2158709841423958e+00;2.4316765023298714e+00;1.9958516080659079e+00;5.3991701261898530e+00
2.7517584502874639e+00;2.6918091635677470e+00;-1.0970562513795468e-02;1.7032131919999962e+00
1.2716817058031440e+00;-1.5022849714679738e+00;-2.3390819906066795e-01;7.9230785566257680e+00
1.5336786083492138e+00;2.2010589504809746e+00;2.6647777652790072e-01;5.5684238584550858e+00
2.5463050875041517e+00;-7.2881129012789803e-01;-1.9296150206968650e+00;4.4428927766721902e+00
1.0783546047921106e+00;-3.1138633262943238e+00;-1.4454923927441445e+00;1.2712676359072326e+00
-1.5011997413042060e+00;1.0342630455180766e+00;9.6581355131306612e-01;4.0866326523057621e+00
3.1250739721346550e+00;9.7579403848909063e-01;-2.2575534053181956e-01;4.8173169028840963e+00
2.9840705224544024e+00;-1.8903518078568484e+00;2.6541603927903612e-01;6.4661416449083831e+00
2.6196229650044334e+00;5.0150520322729442e-01;2.6120574513936896e+00;4.4373945136066411e+00
-8.0450284470034505e-01;-7.0518545380146191e-01;1.1881523935040628e+00;2.0768437404876510e+00
2.9557043238299601e+00;-1.4128114395804354e+00;7.8863825159507162e-01;7.0187030446151795e+00
-2.7319292350578408e+00;2.3083053980602433e+00;-2.4493122968234720e+00;2.0029439513574081e+00
-4.3855706311238318e-01;-2.3912925744399800e+00;1.2414915130898363e-01;2.8298715205714564e+00
2.8393139962011986e+00;-1.7943022340956636e+00;2.8197863503104506e+00;8.8358771441603547e+00
-2.9182760912049179e+00;1.7961165277540099e+00;1.5691908465246263e-01;6.4291108077740322e+00
4.8660519216305698e-01;1.7300993596158962e+00;8.5270731798709143e-01;7.3162062157435868e+00
-3.5890093221714547e-02;1.0281245878937995e-01;2.2570586813097799e+00;-5.5272018300195354e-02
2.6292174830020132e-01;6.4858871276051833e-01;1.8593792827083435e+00;3.1248003395690986e+00
9.9543280149009483e-01;-4.2336643060935986e-01;2.7535158420722752e+00;6.8433883293175608e+00
1.3708897623413954e+00;1.5527734722349047e+00;-1.0622375370509802e+00;8.1025931707180767e+00
-1.1549170475497339e+00;2.6857825420272929e-01;1.1521866679446884e+00;-5.8305918132254264e-01
1.9328222781392235e+00;3.1825107554411369e-01;-4.7844339617800058e-01;1.6254523488136436e+00
2.2267977529702563e+00;-1.3249809373730999e+00;3.1388951663015066e+00;1.5070496523371069e+01
-2.8073099958442125e+00;-2.4354324954337194e+00;1.5170352380058594e-01;2.6195437594185007e+00
-2.2986097890533603e+00;-2.6242508648467755e-01;-6.3106214055075949e-01;-2.8736851414599868e-01
-4.8815924314804571e-01;-3.6189322273772140e-01;-2.4039178384341788e+00;-1.1577815176242827e+00
-1.8275448053018695e+00;1.7379442390666524e+00;1.6748641626768599e+00;5.0779208346503513e+00
1.4816210216010139e+00;-1.4426020310037933e+00;4.6979004283185422e-01;7.8864704690853369e+00
1.3923817490899832e+00;-2.6584800289596582e+00;1.9412655585112413e+00;3.8923188856593520e+00
-7.2383437324875777e-01;2.2288290771265720e+00;9.2625911160025787e-01;3.6709363571267501e+00
1.4682868925285382e+00;1.7439450701066477e+00;-2.1904655868579042e+00;1.0077104796320819e+01
-2.4067210271114163e+00;-1.1185604355930279e+00;-2.7875144672572323e+00;9.4466022047815290e-01
1.2899462087433031e+00;1.8896732861971346e+00;2.0669415334269488e+00;9.0265412168683916e+00
-3.0139020193916428e+00;3.5751326074347478e-01;-2.4769494254237987e+00;2.5054717387468900e-01
2.0470350798018995e+00;9.8070483062109304e-03;-1.5695559554310177e+00;1.4287539218176317e+00
-2.6173744315545151e+00;-5.9848852084190707e-01;2.1807673666279781e+00;5.8928676533058755e-01
-1.2410244050764017e+00;1.3894497796774186e+00;-2.6907375662945663e+00;8.6678206556775361e-01
1.2669936681128871e+00;2.1709851664750568e+00;-2.6413625661307050e-01;5.7216902969057593e+00
-2.2783823771234495e+00;-1.0036062540709989e+00;-1.2300570990875019e+00;4.0455259402590977e+00
2.5917869489137555e+00;-9.6571192357162650e-01;2.0393289117659101e+00;6.1612971366143503e+00
2.0697896708570909e+00;-1.8302662594526131e-01;-2.5335068030842884e+00;4.7275016621034238e+00
3.0724301660790205e+00;-3.2636921104449712e-03;1.9937333406578714e+00;1.7837436986558020e-01
-9.7402789486713504e-01;-6.7342274383578316e-01;2.0249672550545004e+00;5.0476848879250658e-01
-1.8635178967220998e+00;1.6645104986753134e+00;-1.3138709484779121e+00;5.6959211090928115e+00
2.2027377934403374e+00;-9.7964852139842673e-01;-1.9858416366335989e+00;6.8875273202100091e+00
-7.9273388496556052e-01;-7.2059323787936780e-02;9.1038418828854706e-01;-7.2491665085706314e-01
2.4607331209689276e-01;-7.9544713762753672e-01;-9.5591596412014068e-01;3.8342755590407229e+00
3.8239804705929448e-01;-6.1186061833125205e-01;-3.0591417770133598e+00;5.9505926549767665e+00
-1.9999983459682713e+00;8.0798754906418768e-01;1.3239635466042525e+00;2.4693840913297951e+00
1.1849744005005558e-01;-9.4970781526113690e-01;3.0874422656923164e+00;5.8220039770135941e+00
1.2650869106003073e+00;-7.1856010482257071e-01;-2.8058892818890122e+00;9.8981967520911205e+00
-2.7534813773368856e+00;1.7545755597976900e+00;-8.3684199052917663e-01;6.3692255390377444e+00
-1.3988246817971515e+00;2.3387445700761811e-01;-2.3153524315656155e+00;-3.4407854674035234e+00
2.1162456757018546e+00;1.9375466456286183e-02;2.7748230094311674e+00;5.9257194735522116e+00
7.5662802751036873e-01;-8.6884794418314204e-01;1.8607826359928152e+00;5.5909259360208736e+00
1.8855241768548234e+00;8.7827925510988525e-01;1.6953799969369312e+00;5.8829023638935487e+00
-1.7025634484995182e+00;-2.7566264825081941e+00;-1.6759156135749487e+00;-7.8622061487695893e-01
2.3921368579390769e+00;-6.1924253219522996e-02;2.9574674281169715e+00;5.9197594253752204e+00
3.0583768641234821e+00;-1.1535542199228377e+00;-1.9820980276700026e+00;6.0618731564592299e+00
1.0213050916521844e+00;2.6749155715061557e+00;-1.9478585669643353e+00;3.4974364263697786e+00
-5.6603263060754117e-01;-1.5352478584650027e+00;6.2987296410802252e-02;6.4548693477556416e+00
-1.8813493137334392e+00;1.4636887300691344e+00;-2.1857782994213579e+00;3.7944532984828747e+00
2.8093718073541032e+00;1.3695202419418795e+00;-5.0220783013515069e-01;7.0484423479215605e+00
-1.7284691157062366e+00;1.7065794192791284e+00;2.2211973021893314e+00;3.4801745013729035e+00
6.5917803726741164e-01;3.1336135045125770e+00;1.4987645438605437e+00;9.2195427812942343e-01
-2.6106409157042654e+00;-2.5002354979656394e+00;-7.4333302461710504e-01;1.9837881677504445e+00
9.9448767220053913e-02;1.9432108276086089e+00;-3.0028689989801967e+00;6.9797869565427488e+00
5.1615613477103528e-01;3.9568282488034345e-01;-3.0040228268578955e+00;5.5526451461553776e+00
-6.8788374663356944e-01;-3.5485493617621922e-01;-1.7955723810727426e+00;-4.4979476849943523e-01
-3.0603183583721476e+00;1.0377168884674841e+00;-2.4939835633504046e+00;4.7969440065646474e+00
1.3952902160295295e+00;6.3093990341704576e-01;2.5074755217919700e+00;7.3129994893873853e+00
2.2314366496383551e+00;-9.8660381151534615e-01;-4.2050710702338456e-02;5.6603332800841093e+00
2.2636523878306605e+00;3.0992359897713930e+00;-3.6955961566833073e-01;7.8341115603657829e-01
-2.7090434144633111e+00;-1.9384995669790461e-01;-9.2080914744854647e-01;-1.8955641311722121e-01
-2.9222334186342556e+00;3.0398191506967072e+00;1.5573954908112153e-01;-1.4536212381349164e-01
-2.1020487903255369e+00;2.3818354021442971e+00;3.0563714863323437e+00;-5.0650665311356766e+00
1.2593968705854470e+00;3.1320850314717816e+00;-5.4820891483184342e-01;9.6113608763971914e-01
-7.1194048969097290e-01;3.0683619842132090e+00;2.6760645852507459e+00;-3.9662715014443943e+00
-2.0301935778139368e-01;1.9408806215970644e+00;-2.8603940430666759e+00;4.5328641808366150e+00
-1.3162078019936230e-01;5.5999245570920486e-01;-4.1182450733978282e-01;1.8434453269695497e+00
1.2924536185486248e+00;-3.5170134023943289e-01;-1.9607293814053957e+00;3.2133546376645565e+00
-6.1395454807339211e-01;-1.2983373446163100e+00;-1.0289940781859572e+00;5.8524019311817455e+00
-1.8132699775653009e+00;2.0592505110457990e+00;2.7276150019499878e-01;4.4872718165709387e+00
-1.8092958250152684e+00;-2.2995056068458952e-01;-6.4253447088746718e-01;-6.2459300640866999e-01
3.0109409943688874e+00;-2.0459549019041283e+00;3.5179584571751210e-01;5.6654676193779432e+00
-2.4242622988587508e+00;-1.9371120192061870e+00;-1.6721325541631393e+00;4.9306635778117744e+00
-2.4679315114442657e+00;-2.0236528062272336e+00;1.0944728945546593e+00;4.9465689450158346e+00
2.3953336929519606e+00;2.8075766737530783e+00;6.4559263382815590e-02;1.4312499448443221e+00
7.2729581568168378e-01;-1.7830358637494654e+00;9.5107284681550297e-01;7.4086366587116270e+00
1.6118110390481686e+00;-1.2191367423343429e+00;-2.3776629464724439e+00;1.0361878952652619e+01
2.7629179756253386e+00;9.7916881102914033e-01;2.4473109281257175e+00;6.5185382919005104e+00
1.8726476663742853e-01;1.7535590095613030e-01;2.1787779981155717e+00;8.1875634589756796e-01
4.9019949640603899e-01;1.8805400114527533e+00;4.9199472990734439e-01;6.8231771672107859e+00
2.6731929484839467e-01;-4.2418854361823533e-01;2.3023264677367123e+00;2.1921281564936503e+00
-3.9258554360748166e-01;-2.7524631845825489e+00;-3.6423004283127192e-01;6.2426894693276658e-01
5.7366249895279475e-01;-2.3583224481519527e+00;-2.4306328702887132e+00;5.9221076708555378e+00
7.5798233046104890e-03;-2.5695224982818301e+00;1.9598007147254268e+00;2.0703601281660360e+00
2.3870468098410669e+00;-1.2618416436154662e+00;2.9921516231952197e+00;1.2528105073474377e+01
-2.5466797873823062e+00;1.0459864061967803e+00;5.7746348990090457e-02;4.6822154809197123e+00
9.2904249786294812e-01;1.7055339603618140e+00;-7.4733099508435696e-01;7.6997214550690005e+00
-2.5884598526667975e+00;-1.7322640440802863e+00;-1.3913792675040657e+00;6.0968270400115694e+00
1.9046338993073917e+00;2.5533552139103479e+00;2.1008618814038842e+00;4.9406145136117070e+00
1.4792687276625260e+00;2.5162831688842147e+00;9.7240562487859528e-01;3.4832786129355844e+00
3.0826066334788891e+00;-6.8929736128318098e-03;1.3906240370877878e+00;8.1330729038225885e-02
1.7677877267386748e+00;-8.9634198472394910e-01;1.6184953723891606e+00;5.9238309390451871e+00
-8.3756698248005357e-03;-2.6280034361982594e+00;2.2507147000810068e-01;1.6812972676463094e+00
3.1250655265693927e+00;2.1846056038341679e+00;8.0259880544997575e-01;4.6948965555076398e+00
-2.0587250880211636e+00;-1.1249179742353297e+00;6.9351569694232751e-01;4.7944219587870842e+00
2.9024770347048747e+00;1.0653278493994742e+00;2.7213650785807095e+00;6.8945768126915539e+00
-8.2801654853614171e-01;-2.2722164658488677e+00;-1.2334013897690295e+00;3.1780263682397343e+00
2.0161219933093868e+00;1.3372625749208025e+00;-7.9128374750725428e-01;7.5629746590737108e+00
-1.9987171630671985e+00;-1.4192144075563973e+00;-2.1145941990763064e+00;4.1114074473721107e+00
5.4794207359345704e-01;-1.1876446569538086e+00;3.0359856806463652e+00;1.0968285040449111e+01
9.6114600151116392e-02;1.9433950651008143e+00;2.6707354483769157e+00;6.6565576318382762e+00
2.8491043232947897e+00;-1.7360078558681420e+00;-1.8604391094366530e+00;7.4444341010230284e+00
3.0314609100218979e+00;-9.8368989467897716e-01;1.1441674572685256e+00;4.9806877440512123e+00
5.1665284240173204e-01;2.4540668030007131e+00;-4.2927136416942169e-01;3.3149105284429949e+00
1.3263840685198787e+00;5.2873891954612073e-01;3.6230635474118689e-01;2.7532039719259322e+00
-1.0072070952198691e+00;1.3877751578221842e-01;-1.5920215302584584e+00;-1.2544281450424888e+00
1.8576608047732872e+00;2.9622842457804008e+00;-1.7056913330662569e+00;1.9936559514563996e+00
2.2518546628416320e+00;-1.0222003325315514e+00;2.0276715203293048e+00;7.1865318411353840e+00
-2.6917798170220371e+00;-1.4041710521991408e+00;2.1349764103356366e+00;5.4692912651695895e+00
4.1239748629192796e-01;8.5942428858955910e-01;-1.9880993058283101e+00;5.0432620863666351e+00
-2.7068651257809786e+00;-8.5347428929947000e-01;8.0578724874389307e-01;3.5361432077080694e+00
-1.8028870928681326e+00;-1.5694162116269565e+00;1.7447910439700838e+00;5.1248743720215728e+00
2.5398934428416009e+00;3.0873769638866797e+00;-1.9512569553573420e+00;1.4071550879802042e+00
-2.6930138151649521e+00;-2.7408124294024763e+00;3.1256081195531227e-01;6.3134804340188955e-01
2.7477577900412671e+00;1.7048538062098233e+00;-1.8204239470174297e+00;7.6801079581419263e+00
4.0198930432511704e-01;-1.2712536579350031e+00;-2.9781906205011204e+00;9.8596991683935684e+00
7.9944523176249138e-01;-2.6376078226984241e+00;2.2275159133836997e-01;2.3496195591668148e+00
1.6191116856809789e+00;-1.3114625200420327e+00;7.4539907022156759e-01;7.5693499072744856e+00
1.2995496921935441e+00;-1.5765867042596011e+00;2.6359439505722673e+00;1.2614438025730159e+01
-2.2284801747300689e+00;-1.0105475637619130e+00;2.7710859500821572e+00;-4.3470039831281859e-01
-3.1334358112657239e+00;-4.6184575812731055e-03;-1.6225049955542745e+00;-1.3660213269507138e-02
-1.0217969113221814e+00;2.0660978992117656e+00;8.6277238652931487e-01;4.5183352276843953e+00
-5.9075844895948215e-01;3.0204543584310928e+00;-1.8528123477243290e+00;-1.1111793542997754e+00
2.9469989753628107e+00;2.5693943713515424e+00;2.3206809860324320e+00;2.8066325063011721e+00
1.1227083997917955e+00;2.6508852613039888e+00;1.2999697765037475e+00;2.7132024167818742e+00
1.9624887880992175e+00;-1.7709627617658812e+00;7.6561891588928432e-01;7.6792814272099879e+00
-1.1688812525789316e+00;4.7920056806194200e-01;9.7660603672428437e-01;4.8406790448559095e-01
-3.0573473258660311e+00;-2.8782838328448426e+00;3.2445360550178792e-01;3.8996894636986468e-01
-2.0381653824967412e+00;-1.1928934564118210e-01;2.1925610790282803e+00;-2.8568120208555836e+00
-6.9134390243178023e-01;-2.3394781918122622e+00;6.7028601033269331e-01;2.9665494404480279e+00
1.5884084602910669e+00;9.1723541781619833e-01;1.5539289902085995e+00;5.9950341828620326e+00
1.8367697174112205e+00;-2.0604955565447902e-01;-1.1582634561554213e+00;1.4315032813712474e+00
1.4037872578010324e-01;-1.7200990982018989e+00;-2.2367578330905546e+00;7.3352620789921801e+00
-2.5750077633887316e+00;7.7817453222826849e-01;-1.5273345239968150e+00;2.6205959456622621e+00
1.3243838073866758e+00;-2.9659865276115127e-01;-7.5476987466703216e-01;1.5992151776027750e+00
2.7384297997574070e-01;-2.6936300785342042e+00;2.2716780103476149e+00;2.3038346813036941e+00
2.9641739048153459e-01;-1.3698232516651494e+00;1.6187654479342637e+00;7.2137182175747094e+00
1.1131211606191425e+00;-1.5892597813501719e+00;1.7940100828228545e+00;8.8239444001600091e+00
2.9155604723907462e+00;1.5178296412104686e-01;-2.4793293542561106e+00;1.2309870408540931e+00
3.7080291986891556e-02;-1.3134507622818550e+00;1.9345734808984663e+00;6.6355545926684538e+00
-2.3288111475243243e+00;-1.9727972274575343e+00;8.0840829914631440e-01;5.1711886310350490e+00
1.5543370637392506e+00;2.1463971823861954e+00;2.8684782131501736e+00;1.2695087092880641e+01
-2.2556986492280107e-01;2.5770931979749978e+00;-5.1136790982643587e-01;1.7783312886763694e+00
5.7788539960329732e-01;-1.6179296568723789e-01;-1.1021994839942630e+00;8.0851799192959684e-01
1.0275963638990735e+00;-9.0852228920923572e-01;8.8985710557294784e-01;5.2629205439765734e+00
-1.8118489055681468e+00;2.7816683205698984e+00;-2.5815861249948298e+00;-4.4160073853437005e+00
-2.3372017746948708e+00;8.0881128895767151e-02;-2.3663167810624142e+00;-2.9334766535410397e+00
3.0281051039022975e+00;-2.6685513277973194e+00;-1.9571569153901658e+00;1.7323732381746675e+00
-1.9236604815364489e-01;-1.1819896066944608e+00;6.2961961801472732e-02;5.8028826219359591e+00
2.2988278131390754e+00;-5.8888867629553010e-01;5.2975035247351032e-01;2.9119383987579650e+00
1.6276780972032787e+00;-3.9738213689092872e-01;-1.8199948846752196e+00;3.1422096132950088e+00
-4.2976740873643848e-01;-1.8044618462968129e+00;-1.2772333937598088e+00;6.0971667937658456e+00
2.3109922965792471e+00;2.4219394985014375e-01;-1.3820296592584573e+00;1.4103300708501398e+00
6.7657605416780342e-02;-1.0775922281739270e-01;-5.0839051804837654e-01;1.4902783290052457e-01
2.0491721284407483e-01;2.5244479870153409e+00;-1.8020651181873313e+00;2.7624076066511170e+00
2.0076604889930154e+00;1.6775863649520542e+00;2.2417590182670422e+00;1.0114913327381215e+01
2.1473716455596925e-02;-1.7818338546712469e+00;-2.1587996086709071e+00;6.7609512395307769e+00
-1.1328628489244852e+00;4.7393043742232344e-01;-2.8955985673098183e-01;5.5175725890888583e-01
-4.0200777463021087e-02;2.8565642455088156e+00;7.5368568167099204e-01;5.1196713432334973e-01
6.8019156260688929e-01;-9.1368781089268580e-01;2.1934826435566270e+00;6.4731016764305753e+00
6.2268045113051951e-01;-1.7994240998325735e+00;-2.1046612056807579e-02;7.2236509515013250e+00
1.7117222213519758e+00;-2.8940924233305374e+00;-2.1586296146875514e+00;3.5599350075281544e+00
-2.2223913890359288e+00;-9.7317771785018792e-01;-2.9495059746377845e+00;-2.0290136533184056e+00
1.4633881864222404e+00;1.3043206967902456e+00;2.9594748190335123e+00;1.5135737419795095e+01
-6.1985488942047562e-01;2.1736660140754038e-01;2.9397312811400873e+00;-4.5939061210412619e+00
2.3418063603619519e+00;-1.0890506699469333e+00;-1.1815369376476423e+00;6.3542811274476660e+00
2.3284277492785055e-02;-1.6003869894764726e+00;-9.8633734124789951e-01;7.0193582738538725e+00
9.8239425041772321e-01;-1.9976864367453886e+00;-1.6370643999708268e-01;6.6318728963646496e+00
2.9265576468267431e+00;1.8219108646135211e+00;-6.7208486140351198e-01;6.7855262521758801e+00
2.5828206321836609e+00;-3.0177115655643161e+00;-2.9603810082374262e+00;4.7088131341618471e+00
-1.8468894265029818e+00;1.2533465510932587e+00;-1.1186370210738388e+00;5.2051746032495911e+00
-1.7274610350520325e+00;2.7183449817966192e+00;-1.9158542832927716e+00;-1.1376510728697964e+00
2.5654538861553489e+00;1.8771066000393768e+00;-1.1923798946622941e+00;7.0184194796655444e+00
1.8574588231319922e+00;8.0935027371381629e-01;-2.3881405733024952e+00;7.7467282643387634e+00
2.4429458490536220e+00;1.4632795090713282e+00;-6.6238745524074005e-01;7.5749561376853567e+00
-1.9911189274707723e+00;2.1195040796092437e+00;-2.4207698181563200e+00;1.0474909999563082e+00
1.3134722082571209e+00;1.4758587373416567e+00;1.6873483586321969e+00;8.6881046828611943e+00
2.1745058335851919e+00;-2.4578420074907226e+00;-1.7903765040963000e+00;4.4624596914100296e+00
6.8239302566885041e-01;-3.0453120738358579e+00;3.5386469941799126e-01;6.9633023220057944e-01
-2.9463033472720745e+00;8.4373398949566702e-01;-4.3581628528648020e-01;3.7126745837069808e+00
1.5305349656014480e+00;-2.4906524774827701e+00;-1.9704018408595330e+00;5.0754329797894684e+00
3.0252839648378478e+00;5.1663428547742507e-01;-2.4379567443390604e-01;1.8240387791905781e+00
8.5894803873705694e-01;-2.5075486821376671e+00;4.3985048141518579e-01;3.2166169603841719e+00
2.7982979383163604e+00;2.3055363276602643e+00;-1.0326729828574268e+00;4.2288706023871834e+00
-1.0516159214461065e+00;-5.2322212514257727e-01;1.8896300244404252e-01;8.7938034819041633e-01
3.8973331457036409e-01;3.0745488024355430e+00;1.3122850594929929e+00;5.2403433904901242e-01
-2.7750430758738589e+00;-3.0119097696381885e+00;9.2319862834464850e-01;-2.6736547397519161e-01
-6.8207008524522994e-01;2.4047815086421904e+00;5.1461760903143627e-01;2.5256032061375775e+00
-2.1022112341074308e+00;-4.0014211043681813e-01;2.3410098379676150e+00;-2.3890532650289353e+00
2.1991590981075850e+00;1.1611434687576185e+00;1.4557613868192751e+00;7.0618740038518828e+00
3.1018312993201391e-01;1.4398662113131220e+00;-1.8653077087899614e+00;7.5554344918355980e+00
3.1409379252564893e+00;3.0533788048599995e+00;2.5576851849957869e+00;5.7787242026350383e-02
-5.3600057468414342e-02;2.5950484092099995e+00;-1.3574097232153601e+00;1.8191300285187630e+00
-2.3581967191785109e+00;7.8088423716975974e-01;2.4495493386181009e+00;2.2198365254668628e-01
7.6213019056097497e-01;-1.4646334336635587e+00;-9.2641024794366800e-01;7.6627233762519804e+00
-2.7633682467429472e+00;6.6898653924994811e-01;1.4275096120323250e+00;2.1698476809713636e+00
2.3317116983149768e+00;9.6365187383174788e-02;8.1771535721888045e-01;8.2138737251485083e-01
8.8919037188408900e-01;-5.5579987532127495e-01;-1.8410570493304275e+00;3.6174284777294665e+00
2.3913228643082922e+00;-2.4752313127609495e+00;-1.0019993308952082e+00;3.4251580174440690e+00
2.7722979059277328e+00;-2.6851455914152611e+00;1.6811936771942042e+00;2.0092088756330266e+00
-1.3683299404526037e+00;1.4683158671565497e+00;-1.4090966414242561e+00;5.5609784252019487e+00
-1.6396262614784025e+00;-1.1838442571050889e+00;-1.2499655904399101e+00;4.7619880115207582e+00
-2.3930246496694245e+00;-3.1068171078870144e-01;-1.1506470149660710e+00;-1.4569333262074247e-01
-8.7321866673427628e-01;-6.7356942747416237e-01;1.3248979428814955e+00;1.7211597438832136e+00
-2.2442630367215335e+00;1.0129772293222494e+00;1.2901487926150832e+00;4.0403904665549213e+00
2.9918785725046506e+00;2.8754328135120799e+00;3.6452059276268267e-01;6.3370650340021073e-01
-2.1291035551000856e+00;-2.9244089847886223e+00;8.4134118913653611e-01;-5.6562817053313807e-01
-5.7245000390671175e-01;-1.1131053389343615e-01;-9.2606960619563061e-01;-4.9516122737410473e-01
7.1818114443870584e-01;-2.5910377424101538e+00;2.2832302225845309e+00;4.3621718982291071e+00
3.0313069875555199e+00;-9.4853498449752616e-01;-9.1744831641977731e-01;4.7396641350149089e+00
-1.7628794246447388e-01;-5.6501374901797607e-01;-4.6611703330328069e-01;1.8305736041021643e+00
-1.2854033392151987e+00;2.6499809845689839e+00;2.2712041582230196e+00;-1.9529973052041512e+00
-2.1000322456352540e+00;-2.9969245289730924e+00;2.2082138901865394e+00;-2.7701598242869925e+00
2.9956001476791441e+00;-2.2240866213296897e+00;-2.3942033444995330e+00;5.0375107599239675e+00
-3.1405009053756001e+00;-7.0370413868462300e-01;2.2648399156766565e+00;2.9267184576576124e+00
7.8297783043318381e-01;-3.0856070057101519e+00;4.8220147554089010e-01;7.3112480380492573e-01
2.6741103822492445e+00;-6.8299615326160978e-01;-4.8485985674867971e-01;3.2413171928747424e+00
-3.1162611785528038e+00;3.7935894374548695e-02;-1.5533914670378524e+00;-3.0007828029841123e-02
1.4626721951839006e+00;-1.3182068991499551e+00;-4.1975282327727070e-01;7.5600542784874447e+00
-2.8896962583941952e+00;-8.4685348341084055e-01;-1.4018889680333726e+00;3.5835977513868209e+00
2.7263740720249201e+00;7.7857303787572762e-01;-2.8532160241605649e+00;6.5290139912529561e+00
-4.3426162237301202e-01;-1.6487011118746464e-01;-2.1683863765636815e+00;-1.1623509286637745e+00
-7.8463488899182421e-01;-8.7544520822474770e-02;-5.1533009791235251e-01;-6.5803852178374744e-01
1.2560969979894683e+00;-1.9616076294345934e+00;-1.7658817184489508e+00;7.8597377059697795e+00
-1.8097526794990721e+00;1.1704778558434192e+00;2.2240721660443956e+00;2.5880290735553442e+00
-8.2085030494803490e-01;-2.0242607051965602e+00;1.3847395392928767e+00;4.6558186139660860e+00
-2.1784338213480035e+00;1.2860627936955940e+00;1.9825452529333889e+00;4.3583220413561845e+00
2.1996434773306710e+00;1.7407642474667249e+00;-2.5963226922152085e+00;1.1283152344390277e+01
1.3551905085216864e-01;-7.0187634935663290e-01;2.6305662171897275e+00;3.7001118120940428e+00
-2.6080479344484018e+00;2.8854715283194494e+00;-2.9712773590845685e+00;-4.0234077449863035e+00
-3.6694763160751265e-01;-1.4474477824126655e+00;3.0673578358812970e-01;6.5349494711280629e+00
-1.5653823566647227e+00;2.7591397488733493e+00;-1.4514042430653902e+00;-4.6881090566833972e-01
2.9210073841863098e+00;-2.7840358696961021e-01;-2.7986696189892863e+00;2.0898047986124206e+00
8.9137059348023762e-01;-8.9423466149313624e-01;5.4275137123264061e-01;5.0405377565228831e+00
-2.9140844335819591e+00;-7.1366737449504880e-01;-2.6421109022513600e+00;1.6749264211934578e+00
-2.1153291162958170e+00;-2.1043214775111405e+00;3.0634593271654014e+00;-3.1994793594162072e+00
-8.7263389351061615e-01;-6.6555261256253706e-01;1.5449893917103141e+00;1.4666059879996804e+00
7.5262482161578514e-01;-4.9823978768725574e-02;2.0501487665104809e+00;1.9085004370447554e+00
-1.9980725691982666e+00;2.5834009200180210e+00;-8.1657018749590238e-01;1.0131668734737769e+00
2.1458210477671447e+00;3.0022512754752606e+00;-8.8549148933885835e-01;1.0258068019631346e+00
1.7331450716551773e+00;1.0648447896050213e+00;-2.3136208045157267e+00;9.1703323604378326e+00
5.4382824263602503e-01;-1.3256996916803387e+00;-2.0678653690522970e+00;8.0513440896511899e+00
-8.4613415725323504e-01;-1.5613736286195845e-01;2.6038051936606630e+00;-4.0210137060060349e+00
-1.8056435523537884e-01;-1.6846741691364508e-01;1.5900294824964236e+00;-9.7574630816540706e-02
2.2391757121954221e+00;2.7889428239878171e+00;2.0561697270191415e+00;3.0227116832679162e+00
1.1111480970636132e+00;-2.7595296315929922e+00;-6.2168927756675929e-01;1.8826405559358812e+00
1.6147856657704462e-02;-2.6938717017192415e+00;-1.4391603202050287e+00;1.3349650329403580e+00
1.1066185698139934e+00;7.5398615286930637e-01;-2.8558574541557391e+00;1.0122518215814816e+01
-5.8338928969103865e-01;1.6273165649463905e+00;-7.5322327894568719e-01;6.4090752575932086e+00
2.7667576613858680e+00;1.9004548820175735e+00;1.5391535571152053e+00;6.8380273375302423e+00
2.7347083514867307e+00;2.2376982915225136e+00;4.3865161115729379e-01;4.7189456857616712e+00
-1.1519479184789863e+00;2.0814739759973921e+00;-1.6827801760336110e+00;3.6816151305261471e+00
-3.1271173479306156e+00;-1.7859950212777336e+00;-2.1049409232859073e-01;6.6663224213667052e+00
5.2670803943709776e-01;-4.0005226095548840e-01;1.1129829898823287e+00;1.6416147915500734e+00
-1.7836367168821790e+00;7.1223348618693638e-01;-2.0004116111056747e+00;4.4705455551792839e-01
2.7012304859562688e+00;5.4750886263653564e-01;3.8189850893562749e-01;2.3240663338634691e+00
6.9478383896937990e-01;8.7874081991531483e-01;3.0927235971975007e+00;1.0647072576131007e+01
-7.6230994049500111e-01;-8.1646650297170309e-01;2.3999389618753888e+00;7.3575267264891941e-01
-1.1763200400116673e+00;9.4348863643456404e-03;3.8666720448893477e-01;-9.2463855457080568e-01
4.0961203328308660e-02;-8.9083675482059732e-01;-1.7484571187471438e+00;4.3118329324587261e+00
-1.3512317481339193e+00;-2.5879243419134674e+00;1.9348220910309584e+00;-4.0841383013360655e-01
2.4850655415051062e+00;-2.3592401202629008e+00;2.8036214688427430e+00;7.8601708016014680e+00
2.2154078863011284e-01;6.5737072015236819e-02;-2.3544924797580484e+00;9.2522002934549807e-01
5.2240064320390678e-01;1.1300801231466666e+00;3.7958050090527351e-01;6.2261605216355527e+00
1.4444209100725010e+00;-1.5587234946667232e+00;-7.7544040948111492e-01;8.0268737922338786e+00
-1.2568790084566541e+00;-1.4807959858769411e+00;-1.9476753433274667e+00;4.6236261254313868e+00
-5.5723652915387634e-01;-2.6842272518209294e+00;1.0178919596872751e+00;7.7937162475573130e-01
1.5299945712498237e+00;2.8616778659257758e+00;-2.1682764907517464e+00;3.7419561880312182e+00
1.8308223636616416e+00;2.5156647796252907e+00;7.1868461090046054e-01;3.3947018595011107e+00
-1.0760432765956023e+00;2.1350218018572642e-01;-3.0774532268052974e+00;-8.4597104725726329e+00
2.2296828170018346e+00;2.0009732664377209e+00;-2.2662850622863391e+00;8.6589860637260845e+00
2.8429267222644050e+00;3.0421864008845656e+00;1.6802532188345660e+00;5.9772470835744085e-01
2.3389835152688860e+00;-2.5329475983494190e+00;2.5437248171742377e+00;6.0185239682654963e+00
-1.5254781925145602e+00;-2.5398065846465792e+00;-5.3585503833791215e-01;1.2361989108238658e+00
-9.1847418761577515e-01;1.3900024184296322e-01;-1.6739402928293809e+00;-1.2842481443141622e+00
-2.4353441757921108e+00;-1.7512896468002692e-01;-2.9551758179973855e+00;-5.3860482884750187e+00
-6.3888266674543148e-01;2.0498686954953120e+00;3.1330814874435342e+00;-8.2946613958862692e-01
-2.8463577039192773e+00;-1.0136740891910443e+00;-2.6368851567666685e+00;3.3453188539417646e+00
3.1266990167367430e+00;-1.9727837100269914e+00;-1.7390273162395615e+00;5.9569887441682754e+00
-2.8315851737980324e+00;-8.4312312366276565e-02;-2.7844711768098720e+00;-2.0892759692742651e+00
1.5731383497970457e+00;2.6092918713403126e+00;-1.6585626714682560e+00;3.5597173046232609e+00
-3.7889819621239162e-02;-2.5176674065431559e+00;1.8437380770608236e-01;2.3513496868943200e+00
1.2550874932003611e+00;2.2876501082216585e+00;-1.5671684249327944e-01;4.9289430827422818e+00
7.8326030827150817e-01;-7.8573634820389682e-01;-2.3461128024396602e+00;6.3456772877779954e+00
-2.1892323602898092e+00;2.8314657185136127e+00;-2.7303700841898757e+00;-4.6910873834564804e+00
2.3800077108967246e+00;-5.9402931086843624e-01;-3.0864398506713457e+00;9.1451125111164817e+00
1.0104585478346877e+00;-1.6824686816644199e+00;9.8161671692184616e-01;7.8387913245831289e+00
-2.6305229811679047e+00;2.7337510745725515e+00;3.0794637553842898e+00;-3.7864375979574381e+00
-2.4920209918115166e-01;1.3236210260656192e+00;-1.8019353729104974e+00;6.0743203197984901e+00
1.9242460123168383e+00;1.4962472183198816e-01;4.9667193534867149e-02;1.0937317210489599e+00
2.0160622913454738e+00;-2.4053734064457011e+00;2.7814883898807095e+00;9.4607958253891624e+00
1.6571252702019104e+00;-1.0511623081066572e+00;-6.5731305548996444e-01;6.2888538674785543e+00
-2.6334807365498869e+00;1.7303978826653550e+00;1.6261330149480822e+00;5.9964730349471518e+00
-6.2855735548476011e-01;-2.8838467066229239e+00;1.5370525904846781e+00;-4.6133782479424168e-01
2.2215057851481737e+00;7.2442137096785819e-01;1.4861711660879413e+00;4.2580240512071033e+00
-1.6414208754792650e+00;2.5175817145964050e+00;-1.3536710907595184e-01;1.3922630522370674e+00
-8.6371624556313353e-01;2.2941542528601948e+00;-3.9100513647098412e-01;3.1711291894002183e+00
8.7651421459883139e-01;7.7495823907184125e-01;1.3915655478105666e+00;4.4836205166743319e+00
9.4067575497812417e-01;-1.7683855687940608e+00;1.9469287871280088e+00;8.6990864088237032e+00
1.1999889505131840e+00;-1.0551637895382870e+00;-2.0694058851885471e+00;7.9393906419561322e+00
2.3104444352262581e+00;-3.9834014765728698e-01;1.5606577950599565e-01;1.7919546450382520e+00
-7.5258280612178519e-01;2.0010204920006700e+00;-1.1003897695379572e+00;4.9985984397015200e+00
1.3271883814955432e+00;-4.6744191952951120e-01;1.3195328367753518e+00;2.6859973830169657e+00
-1.9893958514700643e+00;-2.4939736319235912e+00;4.5155969053181444e-01;1.6302474082613383e+00
2.0498995561349371e+00;-8.9136312827399555e-01;-4.3818691624952599e-01;5.1268949292895147e+00
2.5532359673184448e+00;1.8841391607044029e+00;-2.9842267999513101e+00;1.1291566717723413e+01
-2.7737030770576103e+00;2.4884200844183511e+00;-3.0885722776919651e+00;-1.0471856987974344e+00
1.1051958928578181e+00;3.0644280328830327e+00;2.3912405504014567e+00;3.8566977981010426e+00
2.8313353434795978e+00;6.7145928615934958e-01;-2.7959059323950264e-02;3.0146164061602283e+00
-3.0381881541965550e-01;-1.7346835969391825e+00;2.3995049498036805e+00;5.5227544314035963e+00
2.8349514531790465e-02;1.0230763688969757e+00;-6.1956764832840072e-01;5.1305571974529354e+00
1.6549770767527150e+00;1.2042961261797034e+00;-1.4681255946717136e+00;7.5604812010664748e+00
4.2158007628349203e-02;-1.6836560004909968e+00;-1.8969605443493391e+00;7.0079361475184063e+00
1.7052682202513587e+00;-2.4867244160424384e+00;-5.9253286449810005e-01;3.5998215410050625e+00
2.7490477610642046e+00;1.3116410256202187e+00;-1.1122773795975758e+00;6.9813922365554317e+00
1.1851833697265342e+00;-2.1782073120226233e+00;-3.0082871476033279e+00;1.3234805827901017e+01
3.8533995950516742e-01;1.7238118453101308e+00;-2.8297614353902310e+00;9.6233904823841385e+00
1.4090189202589567e+00;-2.5258303823192554e+00;-2.4740404711291735e+00;7.0197336008937210e+00
2.9437776065438799e+00;2.8248232710383334e+00;-7.7611638105040903e-01;8.8287650460895528e-01
-2.3848744196035936e+00;1.1282309555981467e+00;1.0335705012719387e+00;4.9512725079852355e+00
2.4340721972802672e+00;2.8672207178258580e+00;1.2113961651585203e+00;1.3037869347074271e+00
2.8658114156975278e+00;-2.6779475904413546e+00;-2.5463885380849622e+00;2.8171232019167145e+00
-1.0548377921357757e+00;-2.6313967156429126e+00;1.5017412296192445e+00;3.5717312620897140e-01
1.0320156128736580e+00;-2.7123206338208647e+00;-1.8033306435402439e+00;2.9786775725455934e+00
-1.6338142936675482e-01;2.2721686959461982e+00;-3.7029013745249806e-01;3.9224546368588009e+00
-3.0769559383251850e+00;-1.6243432410668897e+00;2.3308025207948626e+00;6.7247232632767977e+00
-2.9816150882002406e+00;1.9826029067235362e-01;1.6701959539432218e+00;-1.1690388329929358e-02
1.2806832716095258e+00;2.5308464041128280e+00;5.5790331395340376e-01;3.2696415718547334e+00
-1.1929571483415224e+00;2.9868439121214898e+00;2.8787395929389570e+00;-7.1464208723008760e+00
7.0362304984714230e-01;1.7075276246342534e+00;-1.9029459291824136e-01;7.5170147354439596e+00

